"state_name","species_code","common_name","scientific_name","trend_period","season_code","state_trend_median","state_trend_lowerci","state_trend_upperci","rangewide_trend_median","rangewide_trend_lowerci","rangewide_trend_upperci","breeding_habitat_primary","breeding_habitat_secondary"
"Georgia","acafly","Acadian Flycatcher","Empidonax virescens","2012-2022","breeding",4.63,-2.15,8.17,0.763,-2.99,4.45,"Forests:  Temperate Eastern",NA
"Georgia","ambduc","American Black Duck","Anas rubripes","2012-2022","nonbreeding",-45.2,-52.8,-38.4,-29.7,-33,-25.4,"Wetlands:  Boreal","Coasts:  Saltmarsh"
"Georgia","ameavo","American Avocet","Recurvirostra americana","2012-2022","breeding",-50.5,-62.5,-35.2,-2.16,-7.79,3.51,"Wetlands:  Freshwater Marsh",NA
"Georgia","amecro","American Crow","Corvus brachyrhynchos","2012-2022","breeding",-16.1,-19.7,-13,-10.1,-11.8,-8.42,"Open Country:  Habitat Mosaic","Open Country:  Developed/Disturbed"
"Georgia","amegfi","American Goldfinch","Spinus tristis","2012-2022","breeding",-13.7,-17.8,-10.8,-12.1,-14.1,-10.5,"Open Country:  Habitat Mosaic",NA
"Georgia","amekes","American Kestrel","Falco sparverius","2012-2022","breeding",-16.7,-22.9,-8.05,-20.3,-25,-14.5,"Open Country:  Habitat Mosaic",NA
"Georgia","ameoys","American Oystercatcher","Haematopus palliatus","2012-2022","breeding",-19,-28,0.451,2.54,-3.23,8.02,"Coasts:  Beach and Estuary",NA
"Georgia","amepip","American Pipit","Anthus rubescens","2012-2022","nonbreeding",-38.5,-44.3,-35.4,-19.2,-21.8,-16.1,"Tundra:  Alpine","Tundra:  Arctic"
"Georgia","amered","American Redstart","Setophaga ruticilla","2012-2022","breeding",9.65,1.48,26.7,6.15,3.89,8.6,"Forests:  Temperate Generalist",NA
"Georgia","amerob","American Robin","Turdus migratorius","2012-2022","breeding",-14.7,-18.9,-6.5,-4.16,-6.56,-1.83,"Forests:  Temperate Generalist",NA
"Georgia","amewig","American Wigeon","Mareca americana","2012-2022","nonbreeding",-29,-33.4,-22.4,-14.6,-17.1,-11.7,"Wetlands:  Seasonally Wet Grasslands","Wetlands:  Freshwater Marsh"
"Georgia","amwpel","American White Pelican","Pelecanus erythrorhynchos","2012-2022","breeding",-23,-31.7,-6.44,4.79,-0.0718,10.1,"Wetlands:  Lakes and Rivers",NA
"Georgia","anhing","Anhinga","Anhinga anhinga","2012-2022","breeding",30.6,24.5,42,15.6,11.9,19.9,"Wetlands:  Generalist",NA
"Georgia","bacspa","Bachman's Sparrow","Peucaea aestivalis","2012-2022","year_round",-9.22,-15.1,-3.72,-11.4,-16.3,-4.94,"Forests:  Temperate Eastern",NA
"Georgia","baleag","Bald Eagle","Haliaeetus leucocephalus","2012-2022","breeding",16,6.56,23.4,8.19,1.67,16.5,"Wetlands:  Generalist","Coasts:  Beach and Estuary"
"Georgia","balori","Baltimore Oriole","Icterus galbula","2012-2022","breeding",-19.6,-26.9,0.677,12.1,8.58,14.4,"Forests:  Temperate Eastern",NA
"Georgia","barswa","Barn Swallow","Hirundo rustica","2012-2022","breeding",-25.3,-29.1,-20.6,-15.6,-18.2,-12.7,"Open Country Aerial:  Habitat Mosaic",NA
"Georgia","bawwar","Black-and-white Warbler","Mniotilta varia","2012-2022","breeding",6.89,-0.169,18,18.3,15.2,20.6,"Forests:  Temperate Eastern","Forests:  Boreal"
"Georgia","bbwduc","Black-bellied Whistling-Duck","Dendrocygna autumnalis","2012-2022","breeding",45.7,33.9,72.2,20.9,17.8,24,"Wetlands:  Generalist",NA
"Georgia","bcnher","Black-crowned Night Heron","Nycticorax nycticorax","2012-2022","breeding",-23.9,-30.9,-11.4,-20.9,-24.9,-17.3,"Wetlands:  Generalist","Coasts:  Saltmarsh"
"Georgia","belkin1","Belted Kingfisher","Megaceryle alcyon","2012-2022","breeding",-11.4,-15.6,-4.83,-3.35,-16.2,0.971,"Wetlands:  Generalist",NA
"Georgia","bkbplo","Black-bellied Plover","Pluvialis squatarola","2012-2022","nonbreeding",-32.6,-41.1,-23.3,-14,-18.4,-8.34,"Wetlands:  Tundra","Tundra:  Arctic"
"Georgia","bkbwar","Blackburnian Warbler","Setophaga fusca","2012-2022","breeding",-7.43,-19.4,6.57,4.18,0.125,8.31,"Forests:  Boreal","Forests:  Temperate Eastern"
"Georgia","bknsti","Black-necked Stilt","Himantopus mexicanus","2012-2022","breeding",-21,-28.8,-15.2,-3.39,-9.22,2.55,"Wetlands:  Freshwater Marsh",NA
"Georgia","blksco2","Black Scoter","Melanitta americana","2012-2022","nonbreeding",-35.3,-42.3,-30.4,11.7,5.64,20.2,"Wetlands:  Tundra",NA
"Georgia","blkski","Black Skimmer","Rynchops niger","2012-2022","breeding",-29.8,-37.5,-23.4,-26.6,-32.5,-20.8,"Coasts:  Beach and Estuary","Coasts:  Saltmarsh"
"Georgia","blkter","Black Tern","Chlidonias niger","2012-2022","breeding",-39.7,-61.7,-14.2,-33.7,-39,-30.2,"Wetlands:  Freshwater Marsh",NA
"Georgia","blkvul","Black Vulture","Coragyps atratus","2012-2022","year_round",5.57,-0.514,12.7,-1.87,-5.31,1.72,"Open Country:  Habitat Mosaic","Open Country:  Developed/Disturbed"
"Georgia","blugrb1","Blue Grosbeak","Passerina caerulea","2012-2022","breeding",-17,-24.3,-9.54,6.1,-2.07,10.3,"Forests:  Temperate Eastern","Aridlands:  Desert Riparian"
"Georgia","blujay","Blue Jay","Cyanocitta cristata","2012-2022","breeding",3.55,0.946,6.8,13.1,11.7,14.5,"Forests:  Temperate Eastern",NA
"Georgia","bnhcow","Brown-headed Cowbird","Molothrus ater","2012-2022","breeding",2.36,-3.18,8.92,2.34,-1.02,4.86,"Open Country:  Habitat Mosaic",NA
"Georgia","bnhnut","Brown-headed Nuthatch","Sitta pusilla","2012-2022","year_round",-0.654,-6.32,4.8,2.91,-1.37,5.86,"Forests:  Temperate Eastern",NA
"Georgia","bongul","Bonaparte's Gull","Chroicocephalus philadelphia","2012-2022","nonbreeding",-21,-25.4,-14.6,-27,-31.8,-22.8,"Wetlands:  Boreal",NA
"Georgia","botgra","Boat-tailed Grackle","Quiscalus major","2012-2022","year_round",-24.1,-30.7,-13.5,-12.4,-14.8,-9.39,"Coasts:  Saltmarsh","Wetlands:  Freshwater Marsh"
"Georgia","brdowl","Barred Owl","Strix varia","2012-2022","year_round",17.2,1.29,30.6,18.8,9.33,27.9,"Forests:  Temperate Eastern","Forests:  Temperate Western"
"Georgia","brncre","Brown Creeper","Certhia americana","2012-2022","breeding",-4.73,-32.7,30.9,-9.55,-14.4,-4.18,"Forests:  Temperate Generalist",NA
"Georgia","brnowl","Barn Owl","Tyto alba","2012-2022","year_round",16.5,-9.8,81.8,-17.4,-23.8,-8.47,"Open Country:  Habitat Mosaic","Open Country:  Developed/Disturbed"
"Georgia","brnpel","Brown Pelican","Pelecanus occidentalis","2012-2022","breeding",-14.9,-26.1,1.05,-8.95,-13.2,-6.1,"Coasts:  Beach and Estuary","Coasts:  Marine Waters"
"Georgia","brnthr","Brown Thrasher","Toxostoma rufum","2012-2022","breeding",10.5,5.79,19.5,-10,-13.7,-7.52,"Forests:  Temperate Eastern",NA
"Georgia","brwhaw","Broad-winged Hawk","Buteo platypterus","2012-2022","breeding",1.43,-9.53,22.4,24.3,16.7,34,"Forests:  Boreal","Forests:  Temperate Eastern"
"Georgia","btbwar","Black-throated Blue Warbler","Setophaga caerulescens","2012-2022","breeding",-15.6,-27.9,-0.395,-13.7,-19.7,-9.16,"Forests:  Boreal","Forests:  Temperate Eastern"
"Georgia","btnwar","Black-throated Green Warbler","Setophaga virens","2012-2022","breeding",-16.1,-19.2,-12.4,-17.3,-19.6,-14.2,"Forests:  Boreal","Forests:  Temperate Eastern"
"Georgia","buffle","Bufflehead","Bucephala albeola","2012-2022","nonbreeding",-12.4,-18.9,-4.63,-8.4,-10.8,-6.53,"Wetlands:  Forested","Wetlands:  Lakes and Rivers"
"Georgia","buggna","Blue-gray Gnatcatcher","Polioptila caerulea","2012-2022","breeding",1.89,-1.63,9.88,2.53,-1.27,7.66,"Forests:  Generalist",NA
"Georgia","buhvir","Blue-headed Vireo","Vireo solitarius","2012-2022","breeding",13.9,1.91,25.5,13.8,9.69,18.3,"Forests:  Boreal","Forests:  Temperate Eastern"
"Georgia","buwwar","Blue-winged Warbler","Vermivora cyanoptera","2012-2022","breeding",-13.9,-30.2,7.47,-14.9,-18.1,-11.5,"Forests:  Temperate Eastern",NA
"Georgia","cangoo","Canada Goose","Branta canadensis","2012-2022","breeding",-10.1,-14.2,-6.78,-1.52,-6.38,2.14,"Wetlands:  Generalist",NA
"Georgia","canvas","Canvasback","Aythya valisineria","2012-2022","nonbreeding",-23.1,-29.5,-16,-26.7,-31.6,-21.2,"Wetlands:  Seasonally Wet Grasslands","Wetlands:  Freshwater Marsh"
"Georgia","canwar","Canada Warbler","Cardellina canadensis","2012-2022","breeding",-4.15,-12.7,9.69,-2.25,-6.91,1.87,"Forests:  Boreal","Forests:  Temperate Eastern"
"Georgia","carchi","Carolina Chickadee","Poecile carolinensis","2012-2022","year_round",-1.11,-2.94,0.769,1.65,0.00968,3.07,"Forests:  Temperate Eastern",NA
"Georgia","carwre","Carolina Wren","Thryothorus ludovicianus","2012-2022","year_round",17.1,13.3,22.5,15.5,13,17.8,"Forests:  Temperate Eastern",NA
"Georgia","caster1","Caspian Tern","Hydroprogne caspia","2012-2022","breeding",-18.3,-30.9,-9.25,-25.6,-36,-15.7,"Wetlands:  Lakes and Rivers",NA
"Georgia","categr","Western/Eastern Cattle Egret","Bubulcus ibis/coromandus","2012-2022","breeding",-22.4,-28.7,-18.2,-25.7,-29.2,-22.8,"Grasslands:  Temperate","Grasslands:  Temperate"
"Georgia","cedwax","Cedar Waxwing","Bombycilla cedrorum","2012-2022","breeding",-17.3,-26.1,-4.38,-11.7,-14.9,-9.12,"Forests:  Temperate Generalist",NA
"Georgia","cerwar","Cerulean Warbler","Setophaga cerulea","2012-2022","breeding",-29.8,-37.6,-24.4,-8.38,-12.6,-2.85,"Forests:  Temperate Eastern",NA
"Georgia","chispa","Chipping Sparrow","Spizella passerina","2012-2022","breeding",0.194,-6.49,7.99,-14.6,-17,-13.2,"Forests:  Temperate Generalist",NA
"Georgia","chiswi","Chimney Swift","Chaetura pelagica","2012-2022","breeding",-16.4,-20.9,-10.9,-13.7,-15.9,-12,"Open Country Aerial:  Developed/Disturbed","Open Country Aerial:  Habitat Mosaic"
"Georgia","chswar","Chestnut-sided Warbler","Setophaga pensylvanica","2012-2022","breeding",-28.9,-42.3,-23,-2.55,-5.17,-0.363,"Forests:  Boreal","Forests:  Temperate Eastern"
"Georgia","chwwid","Chuck-will's-widow","Antrostomus carolinensis","2012-2022","breeding",-23.4,-30.3,-17.6,-23,-26,-20,"Forests:  Temperate Eastern",NA
"Georgia","clarai11","Clapper Rail","Rallus crepitans","2012-2022","breeding",24.6,8.05,48.6,21.4,17.1,25.4,"Coasts:  Saltmarsh",NA
"Georgia","cliswa","Cliff Swallow","Petrochelidon pyrrhonota","2012-2022","breeding",-38.2,-45.1,-31.2,-15.6,-18.4,-12.1,"Open Country Aerial:  Habitat Mosaic",NA
"Georgia","cogdov","Common Ground Dove","Columbina passerina","2012-2022","breeding",16.7,6,25.7,-14.8,-18.2,-12,"Aridlands:  Desert Scrub","Forests:  Tropical Dry"
"Georgia","comgal1","Common Gallinule","Gallinula galeata","2012-2022","breeding",3.38,-0.99,9.53,10.7,7.04,14.5,"Wetlands:  Freshwater Marsh",NA
"Georgia","comgol","Common Goldeneye","Bucephala clangula","2012-2022","nonbreeding",-10.4,-15.2,1.56,-12.9,-23,-2.35,"Wetlands:  Forested","Wetlands:  Lakes and Rivers"
"Georgia","comgra","Common Grackle","Quiscalus quiscula","2012-2022","breeding",-15.3,-19.7,-11,-9.48,-13,-5.86,"Open Country:  Habitat Mosaic",NA
"Georgia","comloo","Common Loon","Gavia immer","2012-2022","nonbreeding",-8.81,-18.5,-2.44,-17,-21.7,-13,"Wetlands:  Lakes and Rivers",NA
"Georgia","comnig","Common Nighthawk","Chordeiles minor","2012-2022","breeding",-40.5,-50.2,-30.8,-0.782,-4.92,4.56,"Open Country Aerial:  Habitat Mosaic",NA
"Georgia","comrav","Common Raven","Corvus corax","2012-2022","year_round",11.2,-9.86,31.2,4.79,-0.381,9.87,"Open Country:  Habitat Mosaic",NA
"Georgia","comyel","Common Yellowthroat","Geothlypis trichas","2012-2022","breeding",-5.49,-9.33,0.637,-4.18,-6.81,-2.44,"Open Country:  Habitat Mosaic","Wetlands:  Freshwater Marsh"
"Georgia","coohaw","Cooper's Hawk","Accipiter cooperii","2012-2022","breeding",-13.5,-21.7,-0.0152,-2.88,-11.4,5.64,"Forests:  Temperate Generalist",NA
"Georgia","daejun","Dark-eyed Junco","Junco hyemalis","2012-2022","breeding",-8.98,-20,-2.45,-16.7,-19.5,-14.4,"Forests:  Temperate Generalist",NA
"Georgia","dickci","Dickcissel","Spiza americana","2012-2022","breeding",-58.6,-66.1,-52.5,-4.46,-7.44,-1.49,"Grasslands:  Temperate",NA
"Georgia","doccor","Double-crested Cormorant","Nannopterum auritum","2012-2022","breeding",-17.1,-23.5,-11.8,-9.9,-12.9,-6.79,"Wetlands:  Generalist","Coasts:  Beach and Estuary"
"Georgia","dowwoo","Downy Woodpecker","Dryobates pubescens","2012-2022","year_round",24.4,20,31.1,17.6,16,20.3,"Forests:  Temperate Generalist",NA
"Georgia","dunlin","Dunlin","Calidris alpina","2012-2022","nonbreeding",-35.5,-44.8,-26.7,-32,-36.4,-24.2,"Wetlands:  Tundra","Coasts:  Tundra"
"Georgia","easblu","Eastern Bluebird","Sialia sialis","2012-2022","breeding",1.58,-3.32,10.4,-22.1,-25.3,-20.2,"Forests:  Temperate Eastern","Forests:  Mesoamerican Pine-Oak"
"Georgia","easkin","Eastern Kingbird","Tyrannus tyrannus","2012-2022","breeding",-7.52,-14.2,-2.61,4.93,2.57,7.99,"Open Country:  Habitat Mosaic","Grasslands:  Temperate"
"Georgia","easmea","Eastern Meadowlark","Sturnella magna","2012-2022","breeding",-33.8,-42.5,-27.7,-23,-24.6,-17.7,"Grasslands:  Temperate","Grasslands:  Tropical"
"Georgia","easowl1","Eastern Screech-Owl","Megascops asio","2012-2022","year_round",-25.2,-44.8,-4.05,-4.28,-29.6,13.1,"Forests:  Temperate Eastern",NA
"Georgia","easpho","Eastern Phoebe","Sayornis phoebe","2012-2022","breeding",6.88,-1.09,10.2,-12.8,-16.5,-11.3,"Open Country:  Habitat Mosaic","Forests:  Temperate Eastern"
"Georgia","eastow","Eastern Towhee","Pipilo erythrophthalmus","2012-2022","breeding",-20.2,-23.6,-16.7,-15.1,-17.7,-12.5,"Forests:  Temperate Eastern",NA
"Georgia","easwpw1","Eastern Whip-poor-will","Antrostomus vociferus","2012-2022","breeding",-46.4,-57.2,-21.5,-15.4,-21.1,-11.1,"Forests:  Temperate Eastern",NA
"Georgia","eawpew","Eastern Wood-Pewee","Contopus virens","2012-2022","breeding",13.8,8.91,16.7,17.9,16.2,20.3,"Forests:  Temperate Eastern",NA
"Georgia","eucdov","Eurasian Collared-Dove","Streptopelia decaocto","2012-2022","year_round",-22,-28.5,-7.85,-3.02,-5.6,1.58,"Open Country:  Developed/Disturbed",NA
"Georgia","eursta","European Starling","Sturnus vulgaris","2012-2022","breeding",-26.7,-30.2,-21.5,-14.9,-17.5,-12.8,"Open Country:  Developed/Disturbed",NA
"Georgia","fiespa","Field Sparrow","Spizella pusilla","2012-2022","breeding",-23.8,-27.7,-16,-9.85,-11.9,-2.65,"Open Country:  Habitat Mosaic","Forests:  Temperate Eastern"
"Georgia","fiscro","Fish Crow","Corvus ossifragus","2012-2022","breeding",2.27,-4.09,7.26,12.2,7.91,15.6,"Open Country:  Habitat Mosaic","Wetlands:  Generalist"
"Georgia","forter","Forster's Tern","Sterna forsteri","2012-2022","breeding",-19.5,-32.5,-9.31,-16.5,-21.8,-11.5,"Wetlands:  Freshwater Marsh",NA
"Georgia","foxspa","Fox Sparrow","Passerella iliaca","2012-2022","nonbreeding",-30.1,-37.8,-22.5,-18.4,-22.9,-13.5,"Forests:  Boreal","Forests:  Temperate Western"
"Georgia","gbbgul","Great Black-backed Gull","Larus marinus","2012-2022","breeding",-56.2,-62.7,-45.3,-36.6,-40.3,-34.7,"Coasts:  Beach and Estuary","Wetlands:  Lakes and Rivers"
"Georgia","gloibi","Glossy Ibis","Plegadis falcinellus","2012-2022","breeding",12.3,2.65,28.6,21.1,14.3,31.4,"Coasts:  Saltmarsh","Wetlands:  Freshwater Marsh"
"Georgia","gnwtea","Green-winged Teal","Anas crecca","2012-2022","nonbreeding",-41.4,-49.5,-32.4,-15.5,-20.7,-9.38,"Wetlands:  Generalist",NA
"Georgia","gockin","Golden-crowned Kinglet","Regulus satrapa","2012-2022","breeding",-9.14,-32,8.8,-21.5,-25.6,-18,"Forests:  Boreal","Forests:  Temperate Western"
"Georgia","gowwar","Golden-winged Warbler","Vermivora chrysoptera","2012-2022","breeding",-46,-65.3,-35.4,-10.5,-16.5,-1.13,"Forests:  Temperate Eastern",NA
"Georgia","graspa","Grasshopper Sparrow","Ammodramus savannarum","2012-2022","breeding",-59,-62.6,-53.7,-15.6,-17.8,-11.2,"Grasslands:  Temperate",NA
"Georgia","grbher3","Great Blue Heron","Ardea herodias","2012-2022","breeding",-13.6,-16.8,-11,-10.8,-14.1,-8.23,"Wetlands:  Generalist","Coasts:  Saltmarsh"
"Georgia","grcfly","Great Crested Flycatcher","Myiarchus crinitus","2012-2022","breeding",10.3,2.44,17.2,13.4,8.14,16.7,"Forests:  Temperate Eastern",NA
"Georgia","greegr","Great Egret","Ardea alba","2012-2022","breeding",-15.7,-21.1,-9.73,-14.6,-19.1,-11.1,"Wetlands:  Generalist","Coasts:  Saltmarsh"
"Georgia","gresca","Greater Scaup","Aythya marila","2012-2022","nonbreeding",-42.6,-50.9,-28.1,-14.4,-21.1,-7.61,"Wetlands:  Tundra",NA
"Georgia","greyel","Greater Yellowlegs","Tringa melanoleuca","2012-2022","breeding",-14.8,-26.6,7.85,28.6,17,38.4,"Wetlands:  Boreal",NA
"Georgia","grhowl","Great Horned Owl","Bubo virginianus","2012-2022","year_round",-12.9,-33.8,-0.115,-1,-6.32,16.6,"Open Country:  Habitat Mosaic",NA
"Georgia","grnher","Green Heron","Butorides virescens","2012-2022","breeding",-17,-22.9,-12.9,-8.21,-11.4,-3.63,"Wetlands:  Freshwater Marsh",NA
"Georgia","grycat","Gray Catbird","Dumetella carolinensis","2012-2022","breeding",-1.85,-4.62,4.72,5.78,2.91,8.86,"Forests:  Temperate Eastern","Forests:  Temperate Western"
"Georgia","gubter1","Gull-billed/Australian Tern","Gelochelidon nilotica/macrotarsa","2012-2022","breeding",-13.6,-23.9,-6.49,-1.02,-9.32,4.69,"Coasts:  Beach and Estuary","Coasts:  Beach and Estuary"
"Georgia","gwfgoo","Greater White-fronted Goose","Anser albifrons","2012-2022","nonbreeding",18.2,8.22,32.1,15.3,7.73,25.2,"Wetlands:  Tundra",NA
"Georgia","haiwoo","Hairy Woodpecker","Dryobates villosus","2012-2022","year_round",11.5,3.64,18.1,13.9,8.95,21.5,"Forests:  Generalist",NA
"Georgia","hergul","Herring Gull","Larus argentatus","2012-2022","nonbreeding",-28,-32.8,-23.5,-23.7,-28.7,-19.5,"Coasts:  Beach and Estuary","Wetlands:  Lakes and Rivers"
"Georgia","herthr","Hermit Thrush","Catharus guttatus","2012-2022","breeding",-14.7,-24.1,10.4,-23.6,-26,-18.9,"Forests:  Temperate Generalist",NA
"Georgia","hoomer","Hooded Merganser","Lophodytes cucullatus","2012-2022","nonbreeding",-20.6,-24.5,-13.8,-9.29,-12.1,-6.8,"Wetlands:  Forested","Wetlands:  Lakes and Rivers"
"Georgia","hoowar","Hooded Warbler","Setophaga citrina","2012-2022","breeding",11.4,7.29,22.1,10.8,6.73,14.6,"Forests:  Temperate Eastern",NA
"Georgia","horgre","Horned Grebe","Podiceps auritus","2012-2022","nonbreeding",-43.3,-48.4,-32.3,-30.2,-35.5,-16.6,"Wetlands:  Freshwater Marsh",NA
"Georgia","horlar","Horned Lark","Eremophila alpestris","2012-2022","breeding",-57.3,-65.3,-50.1,-14.2,-17.6,-6.84,"Grasslands:  Temperate","Tundra:  Arctic"
"Georgia","houfin","House Finch","Haemorhous mexicanus","2012-2022","year_round",46.9,32.7,64.2,0.462,-3.98,4.55,"Open Country:  Habitat Mosaic","Aridlands:  Desert Scrub"
"Georgia","houspa","House Sparrow","Passer domesticus","2012-2022","year_round",-2.49,-11.4,3.72,10.9,5.62,17.1,"Open Country:  Developed/Disturbed",NA
"Georgia","houwre","House Wren","Troglodytes aedon","2012-2022","breeding",-17.9,-26.2,-4.32,3.02,0.929,5.57,"Forests:  Generalist","Open Country:  Developed/Disturbed"
"Georgia","indbun","Indigo Bunting","Passerina cyanea","2012-2022","breeding",-19.7,-23.3,-15.6,-8.57,-10.6,-6.68,"Forests:  Temperate Eastern",NA
"Georgia","kenwar","Kentucky Warbler","Geothlypis formosa","2012-2022","breeding",2.21,-2.03,16.5,5.48,3.02,9.71,"Forests:  Temperate Eastern",NA
"Georgia","killde","Killdeer","Charadrius vociferus","2012-2022","breeding",-14.4,-25.5,-5.97,-15.7,-20.1,-12,"Open Country:  Habitat Mosaic","Wetlands:  Generalist"
"Georgia","kinrai4","King Rail","Rallus elegans","2012-2022","breeding",21.5,9.34,34.7,15.2,7.72,25.4,"Wetlands:  Freshwater Marsh",NA
"Georgia","laplon","Lapland Longspur","Calcarius lapponicus","2012-2022","nonbreeding",-66.3,-74.2,-58.4,3.57,-10.6,14,"Tundra:  Arctic",NA
"Georgia","laugul","Laughing Gull","Leucophaeus atricilla","2012-2022","breeding",-26.4,-31.9,-21.6,-21.8,-27.5,-17.5,"Coasts:  Beach and Estuary","Coasts:  Marine Waters"
"Georgia","lbbgul","Lesser Black-backed Gull","Larus fuscus","2012-2022","nonbreeding",-15.9,-30.3,10.1,38.7,30.2,50.4,"Coasts:  Beach and Estuary","Coasts:  Marine Waters"
"Georgia","leabit","Least Bittern","Ixobrychus exilis","2012-2022","breeding",35.4,2.15,53.3,-3.95,-8.56,2.82,"Wetlands:  Freshwater Marsh",NA
"Georgia","leafly","Least Flycatcher","Empidonax minimus","2012-2022","breeding",2.11,-18.5,20.3,7.14,3.41,10.8,"Forests:  Temperate Eastern","Forests:  Temperate Western"
"Georgia","leasan","Least Sandpiper","Calidris minutilla","2012-2022","nonbreeding",-3.36,-17.7,6.56,-4.55,-7.48,1.29,"Wetlands:  Tundra",NA
"Georgia","leater1","Least Tern","Sternula antillarum","2012-2022","breeding",-15.5,-24.6,-4.09,-8.45,-13.3,-4.33,"Coasts:  Beach and Estuary","Wetlands:  Lakes and Rivers"
"Georgia","lessca","Lesser Scaup","Aythya affinis","2012-2022","nonbreeding",-40.3,-47.2,-33.1,-20.6,-24.1,-18.1,"Wetlands:  Lakes and Rivers","Wetlands:  Freshwater Marsh"
"Georgia","lesyel","Lesser Yellowlegs","Tringa flavipes","2012-2022","breeding",4.06,-11.4,24.3,-12.7,-20.8,-5.92,"Wetlands:  Boreal",NA
"Georgia","libher","Little Blue Heron","Egretta caerulea","2012-2022","breeding",-7.32,-13.2,-1.27,-4.96,-8.65,-1,"Wetlands:  Generalist","Coasts:  Saltmarsh"
"Georgia","limpki","Limpkin","Aramus guarauna","2012-2022","year_round",124,103,164,30.2,19.9,37.2,"Wetlands:  Lakes and Rivers","Wetlands:  Freshwater Marsh"
"Georgia","lobdow","Long-billed Dowitcher","Limnodromus scolopaceus","2012-2022","nonbreeding",-6.73,-39.1,11.2,-18.8,-23.9,-13.2,"Wetlands:  Tundra",NA
"Georgia","logshr","Loggerhead Shrike","Lanius ludovicianus","2012-2022","breeding",-1.18,-9.04,6.61,-26.1,-28.7,-19.7,"Grasslands:  Temperate","Aridlands:  Desert Scrub"
"Georgia","lotduc","Long-tailed Duck","Clangula hyemalis","2012-2022","nonbreeding",16.5,-4.83,54.4,-24.9,-31,-19.8,"Wetlands:  Tundra",NA
"Georgia","louwat","Louisiana Waterthrush","Parkesia motacilla","2012-2022","breeding",19.2,6.18,26,4.62,1.18,8.57,"Wetlands:  Lakes and Rivers","Forests:  Temperate Eastern"
"Georgia","mallar3","Mallard","Anas platyrhynchos","2012-2022","breeding",-29.6,-34.6,-21.8,-12.4,-16,-9.14,"Wetlands:  Generalist",NA
"Georgia","marwre","Marsh Wren","Cistothorus palustris","2012-2022","breeding",-13.7,-30.1,1.98,13.5,8.9,18.3,"Wetlands:  Freshwater Marsh",NA
"Georgia","miskit","Mississippi Kite","Ictinia mississippiensis","2012-2022","breeding",24.2,16.3,33.4,18.4,14.3,27.2,"Forests:  Temperate Eastern",NA
"Georgia","motduc","Mottled Duck","Anas fulvigula","2012-2022","year_round",13.8,-8.33,44,-22,-26.3,-17.3,"Wetlands:  Freshwater Marsh",NA
"Georgia","moudov","Mourning Dove","Zenaida macroura","2012-2022","breeding",-15.5,-18.7,-12,-9.76,-12.3,-6.65,"Open Country:  Habitat Mosaic","Open Country:  Developed/Disturbed"
"Georgia","norbob","Northern Bobwhite","Colinus virginianus","2012-2022","year_round",-15,-17.4,-0.931,-31.1,-37.5,-27.5,"Open Country:  Habitat Mosaic","Forests:  Tropical Dry"
"Georgia","norcar","Northern Cardinal","Cardinalis cardinalis","2012-2022","year_round",6.55,0.244,10.3,9.51,7.35,12.1,"Open Country:  Habitat Mosaic","Aridlands:  Desert Scrub"
"Georgia","norfli","Northern Flicker","Colaptes auratus","2012-2022","breeding",-18.9,-22.6,-9,-7.84,-10.7,-2.06,"Forests:  Generalist",NA
"Georgia","normoc","Northern Mockingbird","Mimus polyglottos","2012-2022","breeding",-9.06,-12.4,-5.84,-9.94,-11.8,-7.49,"Open Country:  Habitat Mosaic",NA
"Georgia","norpar","Northern Parula","Setophaga americana","2012-2022","breeding",8.01,2.2,15,26.7,23.1,36.5,"Forests:  Temperate Eastern","Forests:  Boreal"
"Georgia","norpin","Northern Pintail","Anas acuta","2012-2022","nonbreeding",-20.6,-26.6,-17.4,-10.5,-13.9,-5.28,"Wetlands:  Seasonally Wet Grasslands","Wetlands:  Tundra"
"Georgia","norsho","Northern Shoveler","Spatula clypeata","2012-2022","nonbreeding",-41.3,-45.7,-36.1,-17.6,-22.6,-13,"Wetlands:  Seasonally Wet Grasslands","Wetlands:  Freshwater Marsh"
"Georgia","nrwswa","Northern Rough-winged Swallow","Stelgidopteryx serripennis","2012-2022","breeding",-27.4,-33.2,-23.6,-10.4,-13.5,-6,"Open Country Aerial:  Habitat Mosaic","Wetlands Aerial:  Lakes and Rivers"
"Georgia","orcori","Orchard Oriole","Icterus spurius","2012-2022","breeding",-11.2,-19.3,-7.54,5.6,1.21,13.1,"Forests:  Temperate Eastern",NA
"Georgia","osprey","Osprey","Pandion haliaetus","2012-2022","breeding",5.27,-0.0996,13.7,-5.66,-6.9,-2.82,"Wetlands:  Lakes and Rivers","Coasts:  Saltmarsh"
"Georgia","ovenbi1","Ovenbird","Seiurus aurocapilla","2012-2022","breeding",1.33,-3.68,9.67,-0.237,-2.99,3.14,"Forests:  Temperate Eastern","Forests:  Boreal"
"Georgia","paibun","Painted Bunting","Passerina ciris","2012-2022","breeding",-5.39,-13.4,4.16,27,22.9,31.3,"Forests:  Temperate Eastern","Forests:  Tropical Dry"
"Georgia","palwar","Palm Warbler","Setophaga palmarum","2012-2022","nonbreeding",25,15.6,29.7,-2.37,-5.09,0.145,"Wetlands:  Boreal",NA
"Georgia","perfal","Peregrine Falcon","Falco peregrinus","2012-2022","breeding",-3.1,-26,56.6,3.4,-2.6,9.15,"Open Country:  Habitat Mosaic","Open Country:  Developed/Disturbed"
"Georgia","pibgre","Pied-billed Grebe","Podilymbus podiceps","2012-2022","breeding",-26.3,-32.7,-12.9,-18.1,-22.5,-10.8,"Wetlands:  Freshwater Marsh",NA
"Georgia","pilwoo","Pileated Woodpecker","Dryocopus pileatus","2012-2022","year_round",18.9,14.2,25.6,14,11.2,18.5,"Forests:  Temperate Generalist",NA
"Georgia","pinsis","Pine Siskin","Spinus pinus","2012-2022","breeding",-49.1,-65.4,-35.5,-1.71,-5.73,1.01,"Forests:  Boreal","Forests:  Temperate Western"
"Georgia","pinwar","Pine Warbler","Setophaga pinus","2012-2022","breeding",6.76,-0.895,18.3,14.2,8.41,19.9,"Forests:  Temperate Eastern",NA
"Georgia","prawar","Prairie Warbler","Setophaga discolor","2012-2022","breeding",-19.5,-26.9,-10.8,-12.4,-15.6,-7.16,"Forests:  Temperate Eastern",NA
"Georgia","prowar","Prothonotary Warbler","Protonotaria citrea","2012-2022","breeding",2.05,-2.51,4.94,3.35,1.05,9.88,"Wetlands:  Forested","Forests:  Temperate Eastern"
"Georgia","purgal2","Purple Gallinule","Porphyrio martinica","2012-2022","breeding",17.1,-10.3,34.3,32.9,26.7,38.3,"Wetlands:  Freshwater Marsh",NA
"Georgia","purmar","Purple Martin","Progne subis","2012-2022","breeding",1.68,-5.76,6.7,0.506,-4.42,4.15,"Open Country Aerial:  Habitat Mosaic","Wetlands Aerial:  Lakes and Rivers"
"Georgia","pursan","Purple Sandpiper","Calidris maritima","2012-2022","nonbreeding",-40.6,-59,-32.8,-19.1,-27.4,0.67,"Wetlands:  Tundra","Tundra:  Arctic"
"Georgia","rebmer","Red-breasted Merganser","Mergus serrator","2012-2022","nonbreeding",-28.4,-33.5,-23,-14.6,-30.1,3.55,"Wetlands:  Tundra","Wetlands:  Boreal"
"Georgia","rebnut","Red-breasted Nuthatch","Sitta canadensis","2012-2022","breeding",-11.8,-21.6,-1.66,10.8,8.65,14.2,"Forests:  Boreal","Forests:  Temperate Western"
"Georgia","rebwoo","Red-bellied Woodpecker","Melanerpes carolinus","2012-2022","year_round",7.85,5.03,10.5,15.7,13.5,18.3,"Forests:  Temperate Eastern",NA
"Georgia","recwoo","Red-cockaded Woodpecker","Dryobates borealis","2012-2022","year_round",-23.1,-28.9,-18.8,-13.3,-21.6,-8.99,"Forests:  Temperate Eastern",NA
"Georgia","redcro","Red Crossbill","Loxia curvirostra","2012-2022","breeding",26,-3.86,54.8,7.56,-1.91,17.3,"Forests:  Temperate Generalist",NA
"Georgia","redegr","Reddish Egret","Egretta rufescens","2012-2022","year_round",21,-41.3,135,2.19,-7.88,11.6,"Coasts:  Mangroves","Coasts:  Beach and Estuary"
"Georgia","redkno","Red Knot","Calidris canutus","2012-2022","nonbreeding",-27.2,-46.1,-16,-14.1,-25,-6.94,"Tundra:  Arctic",NA
"Georgia","reevir1","Red-eyed Vireo","Vireo olivaceus","2012-2022","breeding",9.78,5.13,13.4,12.2,8.8,14,"Forests:  Temperate Generalist",NA
"Georgia","rehwoo","Red-headed Woodpecker","Melanerpes erythrocephalus","2012-2022","breeding",-5.71,-14.5,1.5,22,16.6,30.4,"Forests:  Temperate Eastern",NA
"Georgia","rengre","Red-necked Grebe","Podiceps grisegena","2012-2022","nonbreeding",-32.2,-45.6,-2.19,2.36,-2.85,8.24,"Wetlands:  Lakes and Rivers",NA
"Georgia","reshaw","Red-shouldered Hawk","Buteo lineatus","2012-2022","breeding",34.9,26.9,47.1,34,29.8,39.7,"Forests:  Temperate Eastern","Forests:  Temperate Western"
"Georgia","rethaw","Red-tailed Hawk","Buteo jamaicensis","2012-2022","breeding",-21.7,-28,-14.8,-6.03,-9.73,-3.15,"Open Country:  Habitat Mosaic",NA
"Georgia","rewbla","Red-winged Blackbird","Agelaius phoeniceus","2012-2022","breeding",-29.5,-32.5,-25.7,-6.22,-9,-3.04,"Open Country:  Habitat Mosaic","Wetlands:  Freshwater Marsh"
"Georgia","ribgul","Ring-billed Gull","Larus delawarensis","2012-2022","nonbreeding",-29.7,-34.3,-23.6,-30.6,-34.4,-26.4,"Wetlands:  Generalist",NA
"Georgia","rinduc","Ring-necked Duck","Aythya collaris","2012-2022","nonbreeding",-30.1,-34.7,-23.8,-10.9,-16.1,-6.83,"Wetlands:  Boreal",NA
"Georgia","robgro","Rose-breasted Grosbeak","Pheucticus ludovicianus","2012-2022","breeding",8.56,-22.1,28.2,8.54,4.83,15.6,"Forests:  Temperate Eastern",NA
"Georgia","rocpig","Rock Pigeon","Columba livia","2012-2022","year_round",-38.9,-43,-35.3,-19.9,-24.1,-13.5,"Open Country:  Developed/Disturbed",NA
"Georgia","rolhaw","Rough-legged Hawk","Buteo lagopus","2012-2022","nonbreeding",-40.3,-60.4,-19.1,-17.1,-23,-14.7,"Tundra:  Arctic",NA
"Georgia","rosspo1","Roseate Spoonbill","Platalea ajaja","2012-2022","breeding",66.2,38.3,94.4,-12.1,-16.3,-7.2,"Coasts:  Mangroves","Wetlands:  Freshwater Marsh"
"Georgia","royter1","Royal Tern","Thalasseus maximus","2012-2022","breeding",-31.7,-40.7,-15.6,7.87,1.74,15.6,"Coasts:  Beach and Estuary","Coasts:  Marine Waters"
"Georgia","rthhum","Ruby-throated Hummingbird","Archilochus colubris","2012-2022","breeding",16.2,11,24.5,18,13.1,20.6,"Forests:  Temperate Eastern",NA
"Georgia","rudduc","Ruddy Duck","Oxyura jamaicensis","2012-2022","breeding",-28.1,-46.4,0.4,-8.59,-12.3,-4.83,"Wetlands:  Seasonally Wet Grasslands","Wetlands:  Freshwater Marsh"
"Georgia","rudtur","Ruddy Turnstone","Arenaria interpres","2012-2022","nonbreeding",-16.3,-24.7,-6.48,-10.8,-16.3,-4.09,"Coasts:  Tundra","Wetlands:  Tundra"
"Georgia","rufgro","Ruffed Grouse","Bonasa umbellus","2012-2022","year_round",-36.4,-47.9,-19.6,4.33,0.663,8.74,"Forests:  Temperate Generalist",NA
"Georgia","rusbla","Rusty Blackbird","Euphagus carolinus","2012-2022","nonbreeding",-34.4,-40.2,-27.1,-16.2,-21.5,-9.31,"Wetlands:  Boreal",NA
"Georgia","sancra","Sandhill Crane","Antigone canadensis","2012-2022","nonbreeding",-20.2,-25.8,-16,-1.05,-8.18,7.34,"Wetlands:  Generalist",NA
"Georgia","sander","Sanderling","Calidris alba","2012-2022","nonbreeding",-6.04,-15.7,3.93,-0.127,-5.17,5.42,"Tundra:  Arctic","Wetlands:  Tundra"
"Georgia","santer1","Sandwich Tern","Thalasseus sandvicensis","2012-2022","breeding",-23,-30.2,-13.4,13.9,2.62,23.5,"Coasts:  Beach and Estuary","Coasts:  Marine Waters"
"Georgia","scatan","Scarlet Tanager","Piranga olivacea","2012-2022","breeding",-7.16,-13.2,5.74,-10.9,-14.6,-7.21,"Forests:  Temperate Eastern",NA
"Georgia","sctfly","Scissor-tailed Flycatcher","Tyrannus forficatus","2012-2022","breeding",-57.7,-63.6,-44.5,-28.8,-31.4,-27,"Grasslands:  Temperate",NA
"Georgia","seaspa","Seaside Sparrow","Ammospiza maritima","2012-2022","breeding",-37,-53.3,-17.2,-24.7,-32,-15.5,"Coasts:  Saltmarsh",NA
"Georgia","shbdow","Short-billed Dowitcher","Limnodromus griseus","2012-2022","nonbreeding",-29.9,-40.6,-18.7,-20.5,-24.1,-14.5,"Wetlands:  Boreal",NA
"Georgia","sheowl","Short-eared Owl","Asio flammeus","2012-2022","nonbreeding",-21.1,-32.2,-0.106,-3.8,-11.7,6.15,"Tundra:  Arctic","Grasslands:  Temperate"
"Georgia","shshaw","Sharp-shinned Hawk","Accipiter striatus","2012-2022","breeding",-46,-59.2,-40.7,-41.2,-46.4,-29.3,"Forests:  Temperate Generalist",NA
"Georgia","snoegr","Snowy Egret","Egretta thula","2012-2022","breeding",-17,-23.2,-11.8,-15.6,-19.6,-13.8,"Wetlands:  Generalist","Coasts:  Saltmarsh"
"Georgia","snogoo","Snow Goose","Anser caerulescens","2012-2022","nonbreeding",-11.8,-20.6,1.79,33.4,24.1,54.7,"Wetlands:  Tundra","Tundra:  Arctic"
"Georgia","sonspa","Song Sparrow","Melospiza melodia","2012-2022","breeding",-16.9,-23.6,-5.6,-2.41,-4.24,-0.633,"Open Country:  Habitat Mosaic",NA
"Georgia","sposan","Spotted Sandpiper","Actitis macularius","2012-2022","breeding",-3.45,-21.9,10.6,5.63,-4.21,12.4,"Wetlands:  Generalist",NA
"Georgia","sumtan","Summer Tanager","Piranga rubra","2012-2022","breeding",31.1,28.1,40.7,22.6,17.5,26.3,"Forests:  Temperate Eastern",NA
"Georgia","sursco","Surf Scoter","Melanitta perspicillata","2012-2022","nonbreeding",-11.4,-25,5.4,-19.6,-25.9,-13.6,"Wetlands:  Boreal",NA
"Georgia","swawar","Swainson's Warbler","Limnothlypis swainsonii","2012-2022","breeding",75.4,50.9,96.9,35.2,28.7,50.1,"Forests:  Temperate Eastern",NA
"Georgia","swtkit","Swallow-tailed Kite","Elanoides forficatus","2012-2022","breeding",41.6,23,57,21.6,16.9,27.3,"Forests:  Temperate Eastern","Forests:  Tropical Montane Evergreen"
"Georgia","treswa","Tree Swallow","Tachycineta bicolor","2012-2022","breeding",-17.9,-22.1,-12.1,-13.4,-16.5,-9.79,"Wetlands Aerial:  Generalist",NA
"Georgia","triher","Tricolored Heron","Egretta tricolor","2012-2022","breeding",2.88,-10.7,21.2,-7.16,-10.3,-3.8,"Wetlands:  Generalist","Coasts:  Saltmarsh"
"Georgia","tuftit","Tufted Titmouse","Baeolophus bicolor","2012-2022","year_round",0.347,-4.56,3.61,1.17,-1,3.3,"Forests:  Temperate Eastern",NA
"Georgia","turvul","Turkey Vulture","Cathartes aura","2012-2022","breeding",-0.638,-8.77,3.02,11.5,8.12,15.1,"Open Country:  Habitat Mosaic",NA
"Georgia","veery","Veery","Catharus fuscescens","2012-2022","breeding",-22.6,-32.6,-0.951,-1.26,-3.05,1.02,"Forests:  Temperate Eastern","Forests:  Temperate Western"
"Georgia","wessan","Western Sandpiper","Calidris mauri","2012-2022","nonbreeding",-35.2,-43.4,-28.2,-3.6,-8.91,5.48,"Wetlands:  Tundra",NA
"Georgia","whbnut","White-breasted Nuthatch","Sitta carolinensis","2012-2022","year_round",22.8,17,33.2,13.2,10.4,16.1,"Forests:  Temperate Eastern","Forests:  Temperate Western"
"Georgia","whevir","White-eyed Vireo","Vireo griseus","2012-2022","breeding",24.6,20.2,27.9,20.6,18.4,23.3,"Forests:  Temperate Eastern","Forests:  Tropical Dry"
"Georgia","whiibi","White Ibis","Eudocimus albus","2012-2022","breeding",11.3,4.45,19.7,2.53,-0.435,5.97,"Wetlands:  Generalist","Coasts:  Mangroves"
"Georgia","whwsco2","White-winged Scoter","Melanitta deglandi","2012-2022","nonbreeding",-26.6,-36.5,-16.2,-17.9,-37,7.08,"Wetlands:  Lakes and Rivers",NA
"Georgia","wilfly","Willow Flycatcher","Empidonax traillii","2012-2022","breeding",-47.1,-61.5,-30.5,-0.661,-3.46,3.82,"Open Country:  Habitat Mosaic","Forests:  Temperate Western"
"Georgia","willet1","Willet","Tringa semipalmata","2012-2022","breeding",-22.8,-30,-14.4,-3.68,-6.32,-0.302,"Wetlands:  Seasonally Wet Grasslands","Coasts:  Saltmarsh"
"Georgia","wilplo","Wilson's Plover","Anarhynchus wilsonia","2012-2022","breeding",-20.5,-37.9,-9.36,-4.63,-11.4,2.59,"Coasts:  Beach and Estuary",NA
"Georgia","wiltur","Wild Turkey","Meleagris gallopavo","2012-2022","year_round",-18.6,-28.7,-2.59,-2.47,-6.02,6.52,"Forests:  Temperate Generalist",NA
"Georgia","winwre3","Winter Wren","Troglodytes hiemalis","2012-2022","breeding",-2.79,-25.8,16.4,-5.16,-9.84,6.04,"Forests:  Boreal","Forests:  Temperate Eastern"
"Georgia","woewar1","Worm-eating Warbler","Helmitheros vermivorum","2012-2022","breeding",-31.9,-39.2,-24.6,-19.2,-21.7,-16.8,"Forests:  Temperate Eastern",NA
"Georgia","wooduc","Wood Duck","Aix sponsa","2012-2022","breeding",-5.65,-13,-0.26,5.11,0.495,9.26,"Wetlands:  Forested","Forests:  Temperate Eastern"
"Georgia","woosto","Wood Stork","Mycteria americana","2012-2022","breeding",-6.56,-11.7,-1.69,-11.7,-17.1,-6.22,"Wetlands:  Forested","Wetlands:  Freshwater Marsh"
"Georgia","woothr","Wood Thrush","Hylocichla mustelina","2012-2022","breeding",21.9,14.7,32.9,12.4,8.09,15.3,"Forests:  Temperate Eastern",NA
"Georgia","y00475","American Coot","Fulica americana","2012-2022","breeding",-42.7,-47.3,-38.5,-37.2,-39.4,-33.8,"Wetlands:  Freshwater Marsh",NA
"Georgia","ycnher","Yellow-crowned Night Heron","Nyctanassa violacea","2012-2022","breeding",-10.9,-16.2,-7.1,-6.2,-10.1,-2.64,"Wetlands:  Generalist","Coasts:  Mangroves"
"Georgia","yebcha","Yellow-breasted Chat","Icteria virens","2012-2022","breeding",-15,-21.8,-9.09,8.32,4.83,12.6,"Forests:  Temperate Eastern","Forests:  Temperate Western"
"Georgia","yebcuc","Yellow-billed Cuckoo","Coccyzus americanus","2012-2022","breeding",2.22,-4,6.99,19.3,14.7,25.9,"Forests:  Temperate Eastern",NA
"Georgia","yebsap","Yellow-bellied Sapsucker","Sphyrapicus varius","2012-2022","breeding",13.7,-13,33.5,-14.4,-18.8,-8.83,"Forests:  Boreal","Forests:  Temperate Eastern"
"Georgia","yelwar","Yellow Warbler","Setophaga petechia","2012-2022","breeding",-15.8,-21.7,-3.84,0.782,-1.45,2.83,"Forests:  Temperate Generalist","Wetlands:  Generalist"
"Georgia","yetvir","Yellow-throated Vireo","Vireo flavifrons","2012-2022","breeding",16.9,8.2,20.9,19.9,15.4,28.2,"Forests:  Temperate Eastern",NA
"Georgia","yetwar","Yellow-throated Warbler","Setophaga dominica","2012-2022","breeding",16.2,12.6,22.1,18.2,12.8,22.7,"Forests:  Temperate Eastern",NA
