"state_name","species_code","common_name","scientific_name","percent_pop_breeding","percent_pop_postbreeding_migration","percent_pop_nonbreeding","percent_pop_prebreeding_migration","max_week_season","max_week","max_week_percent_pop","state_rank_breeding","breeding_habitat_primary","breeding_habitat_secondary"
"Georgia","acafly","Acadian Flycatcher","Empidonax virescens",5.12,6.75,0,6.78,"postbreeding_migration","09-27",14.36,"10 of 32","Forests:  Temperate Eastern",NA
"Georgia","ameavo","American Avocet","Recurvirostra americana",0.01,0.01,0.1,0.04,"prebreeding_migration","02-08",0.2528,"22 of 22","Wetlands:  Freshwater Marsh",NA
"Georgia","amebit","American Bittern","Botaurus lentiginosus",0,1.59,2.63,0.33,"prebreeding_migration","03-01",20.75,NA,"Wetlands:  Freshwater Marsh",NA
"Georgia","amecro","American Crow","Corvus brachyrhynchos",2.6,1.84,1.89,1.58,"breeding","05-31",3.093,"6 of 49","Open Country:  Habitat Mosaic","Open Country:  Developed/Disturbed"
"Georgia","amegfi","American Goldfinch","Spinus tristis",0.87,1.16,2.51,1.54,"nonbreeding","02-08",3.021,"26 of 45","Open Country:  Habitat Mosaic",NA
"Georgia","amekes","American Kestrel","Falco sparverius",0.01,0.32,0.62,0.17,"nonbreeding","11-22",0.754,"44 of 44","Open Country:  Habitat Mosaic",NA
"Georgia","ameoys","American Oystercatcher","Haematopus palliatus",0.66,1.35,2.09,0.75,"nonbreeding","01-18",2.991,"9 of 17","Coasts:  Beach and Estuary",NA
"Georgia","amepip","American Pipit","Anthus rubescens",0,0.12,3.1,0.09,"nonbreeding","12-20",4.568,NA,"Tundra:  Alpine","Tundra:  Arctic"
"Georgia","amered","American Redstart","Setophaga ruticilla",0.01,1.48,0,0.67,"postbreeding_migration","10-04",6.507,"36 of 36","Forests:  Temperate Generalist",NA
"Georgia","amerob","American Robin","Turdus migratorius",0.17,0.82,2.52,1.15,"prebreeding_migration","02-15",4.002,"41 of 48","Forests:  Temperate Generalist",NA
"Georgia","amewig","American Wigeon","Mareca americana",0,0,0.01,0,"nonbreeding","12-20",0.01341,NA,"Wetlands:  Seasonally Wet Grasslands","Wetlands:  Freshwater Marsh"
"Georgia","amewoo","American Woodcock","Scolopax minor",0,0.38,9.95,0.41,"nonbreeding","01-11",14.3,NA,"Forests:  Temperate Eastern","Forests:  Boreal"
"Georgia","amwpel","American White Pelican","Pelecanus erythrorhynchos",0.02,0.07,0.36,0.16,"nonbreeding","01-11",0.534,"30 of 32","Wetlands:  Lakes and Rivers",NA
"Georgia","anhing","Anhinga","Anhinga anhinga",2.42,2.13,1.2,1.82,"postbreeding_migration","08-09",3.456,"4 of 10","Wetlands:  Generalist",NA
"Georgia","babwar","Bay-breasted Warbler","Setophaga castanea",0,0.38,0,0.09,"postbreeding_migration","10-18",5.844,NA,"Forests:  Boreal",NA
"Georgia","bacspa","Bachman's Sparrow","Peucaea aestivalis",29.64,29.64,29.64,29.64,"resident","year round resident",NA,"2 of 10","Forests:  Temperate Eastern",NA
"Georgia","baleag","Bald Eagle","Haliaeetus leucocephalus",0.03,0.08,0.13,0.08,"postbreeding_migration","12-06",0.1582,"42 of 47","Wetlands:  Generalist","Coasts:  Beach and Estuary"
"Georgia","balori","Baltimore Oriole","Icterus galbula",0,0.09,0,0.06,"prebreeding_migration","04-26",0.6921,NA,"Forests:  Temperate Eastern",NA
"Georgia","barswa","Barn Swallow","Hirundo rustica",0.18,0.04,0,0.04,"breeding","06-21",0.2046,"20 of 49","Open Country Aerial:  Habitat Mosaic",NA
"Georgia","bawwar","Black-and-white Warbler","Mniotilta varia",0.68,1.34,1.79,2.47,"prebreeding_migration","04-19",6.495,"17 of 35","Forests:  Temperate Eastern","Forests:  Boreal"
"Georgia","bbwduc","Black-bellied Whistling-Duck","Dendrocygna autumnalis",0.11,0.07,0,0.01,"postbreeding_migration","09-06",0.2949,"5 of 9","Wetlands:  Generalist",NA
"Georgia","bcnher","Black-crowned Night Heron","Nycticorax nycticorax",0.01,0.01,0.02,0.01,"nonbreeding","12-20",0.04269,"33 of 33","Wetlands:  Generalist","Coasts:  Saltmarsh"
"Georgia","belkin1","Belted Kingfisher","Megaceryle alcyon",1.1,1.98,4.92,2.28,"nonbreeding","02-22",6.086,"10 of 48","Wetlands:  Generalist",NA
"Georgia","bkbplo","Black-bellied Plover","Pluvialis squatarola",0.05,0.54,1.5,0.38,"nonbreeding","01-11",2.916,"14 of 17","Wetlands:  Tundra","Tundra:  Arctic"
"Georgia","bkbwar","Blackburnian Warbler","Setophaga fusca",0.03,0.49,0,0.18,"postbreeding_migration","10-04",2.299,"16 of 17","Forests:  Boreal","Forests:  Temperate Eastern"
"Georgia","bkchum","Black-chinned Hummingbird","Archilochus alexandri",0,0,0.02,0,"nonbreeding","12-20",0.04617,NA,"Forests:  Temperate Western","Aridlands:  Desert Riparian"
"Georgia","bknsti","Black-necked Stilt","Himantopus mexicanus",0.02,0.01,0,0.01,"breeding","07-05",0.02295,"22 of 25","Wetlands:  Freshwater Marsh",NA
"Georgia","bkpwar","Blackpoll Warbler","Setophaga striata",0,0,0,0.27,"prebreeding_migration","05-03",8.658,NA,"Forests:  Boreal",NA
"Georgia","blksco2","Black Scoter","Melanitta americana",0,0.23,0.88,0.01,"nonbreeding","12-06",6.021,NA,"Wetlands:  Tundra",NA
"Georgia","blkski","Black Skimmer","Rynchops niger",0.72,1.05,1.03,1.48,"nonbreeding","01-04",2.364,"10 of 15","Coasts:  Beach and Estuary","Coasts:  Saltmarsh"
"Georgia","blkter","Black Tern","Chlidonias niger",0.03,0.14,0,0,"postbreeding_migration","08-23",0.4415,"18 of 23","Wetlands:  Freshwater Marsh",NA
"Georgia","blkvul","Black Vulture","Coragyps atratus",0.51,0.51,0.51,0.51,"resident","year round resident",NA,"3 of 25","Open Country:  Habitat Mosaic","Open Country:  Developed/Disturbed"
"Georgia","blugrb1","Blue Grosbeak","Passerina caerulea",3.12,3.01,0,3.14,"prebreeding_migration","04-19",5.831,"4 of 35","Forests:  Temperate Eastern","Aridlands:  Desert Riparian"
"Georgia","blujay","Blue Jay","Cyanocitta cristata",3.07,2.39,2.23,2.75,"breeding","06-14",3.437,"12 of 40","Forests:  Temperate Eastern",NA
"Georgia","bnhcow","Brown-headed Cowbird","Molothrus ater",0.94,3,2.87,1.9,"nonbreeding","01-11",6.072,"31 of 48","Open Country:  Habitat Mosaic",NA
"Georgia","bnhnut","Brown-headed Nuthatch","Sitta pusilla",26.24,26.24,26.24,26.24,"resident","year round resident",NA,"1 of 14","Forests:  Temperate Eastern",NA
"Georgia","boboli","Bobolink","Dolichonyx oryzivorus",0,0.08,0,2.25,"prebreeding_migration","04-19",17.12,NA,"Grasslands:  Temperate",NA
"Georgia","bongul","Bonaparte's Gull","Chroicocephalus philadelphia",0,0.04,2.22,0.3,"nonbreeding","02-08",3.733,NA,"Wetlands:  Boreal",NA
"Georgia","botgra","Boat-tailed Grackle","Quiscalus major",2.27,2.27,2.27,2.27,"resident","year round resident",NA,"4 of 13","Coasts:  Saltmarsh","Wetlands:  Freshwater Marsh"
"Georgia","brdowl","Barred Owl","Strix varia",3.47,3.47,3.47,3.47,"resident","year round resident",NA,"6 of 42","Forests:  Temperate Eastern","Forests:  Temperate Western"
"Georgia","brebla","Brewer's Blackbird","Euphagus cyanocephalus",0,0.01,0.05,0.01,"nonbreeding","01-18",0.08513,NA,"Open Country:  Habitat Mosaic",NA
"Georgia","brncre","Brown Creeper","Certhia americana",0,0.23,0.58,0.1,"nonbreeding","12-20",0.7703,NA,"Forests:  Temperate Generalist",NA
"Georgia","brnpel","Brown Pelican","Pelecanus occidentalis",0.76,0.92,0.5,0.53,"postbreeding_migration","10-04",1.619,"9 of 15","Coasts:  Beach and Estuary","Coasts:  Marine Waters"
"Georgia","brnthr","Brown Thrasher","Toxostoma rufum",4.39,8.31,12.28,6.32,"nonbreeding","03-01",15.87,"4 of 39","Forests:  Temperate Eastern",NA
"Georgia","brwhaw","Broad-winged Hawk","Buteo platypterus",0.74,0.04,0,0.21,"breeding","07-26",1.041,"19 of 33","Forests:  Boreal","Forests:  Temperate Eastern"
"Georgia","btbwar","Black-throated Blue Warbler","Setophaga caerulescens",0.13,0.48,0,1.21,"prebreeding_migration","04-26",12.12,"15 of 18","Forests:  Boreal","Forests:  Temperate Eastern"
"Georgia","btnwar","Black-throated Green Warbler","Setophaga virens",0.3,0.51,0,0.88,"prebreeding_migration","04-05",3.442,"15 of 24","Forests:  Boreal","Forests:  Temperate Eastern"
"Georgia","bubsan","Buff-breasted Sandpiper","Calidris subruficollis",0,0.02,0,0,"postbreeding_migration","09-06",0.1644,NA,"Tundra:  Arctic",NA
"Georgia","buffle","Bufflehead","Bucephala albeola",0,0.05,0.38,0.06,"nonbreeding","01-04",0.4523,NA,"Wetlands:  Forested","Wetlands:  Lakes and Rivers"
"Georgia","buggna","Blue-gray Gnatcatcher","Polioptila caerulea",4.99,2.09,0.43,4.62,"prebreeding_migration","04-05",6.598,"4 of 44","Forests:  Generalist",NA
"Georgia","buhvir","Blue-headed Vireo","Vireo solitarius",0.46,3.22,8.71,2.53,"prebreeding_migration","03-15",14.14,"14 of 22","Forests:  Boreal","Forests:  Temperate Eastern"
"Georgia","buwtea","Blue-winged Teal","Spatula discors",0,0.18,0.03,0.09,"postbreeding_migration","10-04",0.4011,NA,"Wetlands:  Seasonally Wet Grasslands","Wetlands:  Freshwater Marsh"
"Georgia","buwwar","Blue-winged Warbler","Vermivora cyanoptera",0.02,0.69,0,0.19,"postbreeding_migration","09-20",2.61,"24 of 26","Forests:  Temperate Eastern",NA
"Georgia","camwar","Cape May Warbler","Setophaga tigrina",0,0.2,0,1.03,"prebreeding_migration","04-26",22.2,NA,"Forests:  Boreal",NA
"Georgia","cangoo","Canada Goose","Branta canadensis",0.47,0.18,0.41,0.14,"breeding","07-19",0.7725,"22 of 49","Wetlands:  Generalist",NA
"Georgia","canvas","Canvasback","Aythya valisineria",0,0.01,0.1,0,"nonbreeding","12-27",0.2335,NA,"Wetlands:  Seasonally Wet Grasslands","Wetlands:  Freshwater Marsh"
"Georgia","canwar","Canada Warbler","Cardellina canadensis",0.04,0.16,0,0.05,"postbreeding_migration","09-06",0.7594,"16 of 19","Forests:  Boreal","Forests:  Temperate Eastern"
"Georgia","carchi","Carolina Chickadee","Poecile carolinensis",6.53,6.53,6.53,6.53,"resident","year round resident",NA,"3 of 23","Forests:  Temperate Eastern",NA
"Georgia","carwre","Carolina Wren","Thryothorus ludovicianus",9.2,9.2,9.2,9.2,"resident","year round resident",NA,"2 of 33","Forests:  Temperate Eastern",NA
"Georgia","caster1","Caspian Tern","Hydroprogne caspia",0.03,0.29,0.01,0.03,"postbreeding_migration","09-20",1.236,"29 of 33","Wetlands:  Lakes and Rivers",NA
"Georgia","categr","Western/Eastern Cattle Egret","Bubulcus ibis/coromandus",0.32,0.15,0,0.08,"breeding","08-02",0.5552,"7 of 15","Grasslands:  Temperate","Grasslands:  Temperate"
"Georgia","cedwax","Cedar Waxwing","Bombycilla cedrorum",0.03,1.6,5.44,1.85,"nonbreeding","01-04",6.133,"39 of 41","Forests:  Temperate Generalist",NA
"Georgia","cerwar","Cerulean Warbler","Setophaga cerulea",0.01,0.63,0,0.28,"postbreeding_migration","08-30",5.198,"22 of 22","Forests:  Temperate Eastern",NA
"Georgia","chispa","Chipping Sparrow","Spizella passerina",1.1,2.03,10.02,2.68,"nonbreeding","01-11",11.59,"20 of 48","Forests:  Temperate Generalist",NA
"Georgia","chiswi","Chimney Swift","Chaetura pelagica",6.18,4.34,0,6.08,"prebreeding_migration","04-12",10.51,"1 of 41","Open Country Aerial:  Developed/Disturbed","Open Country Aerial:  Habitat Mosaic"
"Georgia","chswar","Chestnut-sided Warbler","Setophaga pensylvanica",0.08,2.91,0,0.25,"postbreeding_migration","10-04",9.627,"16 of 21","Forests:  Boreal","Forests:  Temperate Eastern"
"Georgia","chwwid","Chuck-will's-widow","Antrostomus carolinensis",9.22,2.15,0,13.04,"prebreeding_migration","04-05",27.42,"5 of 25","Forests:  Temperate Eastern",NA
"Georgia","clarai11","Clapper Rail","Rallus crepitans",5.37,15.63,14.77,5.74,"postbreeding_migration","11-29",19.72,"6 of 15","Coasts:  Saltmarsh",NA
"Georgia","cliswa","Cliff Swallow","Petrochelidon pyrrhonota",0.14,0.05,0,0.1,"prebreeding_migration","04-05",0.231,"31 of 42","Open Country Aerial:  Habitat Mosaic",NA
"Georgia","cogdov","Common Ground Dove","Columbina passerina",1.06,0,0.36,0,"breeding","08-30",1.37,"4 of 8","Aridlands:  Desert Scrub","Forests:  Tropical Dry"
"Georgia","comgal1","Common Gallinule","Gallinula galeata",0.15,0.25,0.16,0.16,"postbreeding_migration","08-16",0.3931,"6 of 16","Wetlands:  Freshwater Marsh",NA
"Georgia","comgra","Common Grackle","Quiscalus quiscula",0.96,1.28,2.46,1.67,"nonbreeding","01-04",3.443,"26 of 42","Open Country:  Habitat Mosaic",NA
"Georgia","comloo","Common Loon","Gavia immer",0,0.11,1.51,0.19,"unidentified","02-08",6.831,NA,"Wetlands:  Lakes and Rivers",NA
"Georgia","comnig","Common Nighthawk","Chordeiles minor",0.2,0.74,0,0.49,"postbreeding_migration","09-06",3.532,"22 of 38","Open Country Aerial:  Habitat Mosaic",NA
"Georgia","comter","Common Tern","Sterna hirundo",0,0.02,0,0,"postbreeding_migration","09-20",0.1007,NA,"Coasts:  Beach and Estuary","Wetlands:  Lakes and Rivers"
"Georgia","comyel","Common Yellowthroat","Geothlypis trichas",1.09,1.8,4.12,3.59,"prebreeding_migration","03-22",9.342,"21 of 49","Open Country:  Habitat Mosaic","Wetlands:  Freshwater Marsh"
"Georgia","coohaw","Cooper's Hawk","Accipiter cooperii",1.28,0.98,1.39,0.68,"breeding","07-05",2.429,"17 of 49","Forests:  Temperate Generalist",NA
"Georgia","daejun","Dark-eyed Junco","Junco hyemalis",0.01,0.09,0.25,0.08,"nonbreeding","01-11",0.2799,"26 of 26","Forests:  Temperate Generalist",NA
"Georgia","dickci","Dickcissel","Spiza americana",0.01,0,0,0.01,"prebreeding_migration","05-24",0.02216,"28 of 28","Grasslands:  Temperate",NA
"Georgia","doccor","Double-crested Cormorant","Nannopterum auritum",0.08,0.41,1.62,1.08,"nonbreeding","02-01",1.882,"44 of 48","Wetlands:  Generalist","Coasts:  Beach and Estuary"
"Georgia","dowwoo","Downy Woodpecker","Dryobates pubescens",3.14,3.14,3.14,3.14,"resident","year round resident",NA,"8 of 50","Forests:  Temperate Generalist",NA
"Georgia","dunlin","Dunlin","Calidris alpina",0,0.16,2.87,0.62,"nonbreeding","02-08",4.689,NA,"Wetlands:  Tundra","Coasts:  Tundra"
"Georgia","easblu","Eastern Bluebird","Sialia sialis",6.9,5.77,6.29,6.9,"prebreeding_migration","03-01",7.545,"2 of 41","Forests:  Temperate Eastern","Forests:  Mesoamerican Pine-Oak"
"Georgia","easkin","Eastern Kingbird","Tyrannus tyrannus",2,0.85,0,2.68,"prebreeding_migration","05-03",3.873,"12 of 45","Open Country:  Habitat Mosaic","Grasslands:  Temperate"
"Georgia","easmea","Eastern Meadowlark","Sturnella magna",0.84,1.39,2.9,1.5,"nonbreeding","12-27",3.544,"21 of 31","Grasslands:  Temperate","Grasslands:  Tropical"
"Georgia","easowl1","Eastern Screech-Owl","Megascops asio",2.14,2.14,2.14,2.14,"resident","year round resident",NA,"15 of 39","Forests:  Temperate Eastern",NA
"Georgia","easpho","Eastern Phoebe","Sayornis phoebe",3.74,8.35,9.12,5.29,"postbreeding_migration","10-25",10.93,"4 of 38","Open Country:  Habitat Mosaic","Forests:  Temperate Eastern"
"Georgia","eastow","Eastern Towhee","Pipilo erythrophthalmus",9.75,11.59,15.25,10.26,"nonbreeding","02-08",16.32,"1 of 36","Forests:  Temperate Eastern",NA
"Georgia","easwpw1","Eastern Whip-poor-will","Antrostomus vociferus",0.88,0,0,5.61,"prebreeding_migration","03-29",38.55,"15 of 32","Forests:  Temperate Eastern",NA
"Georgia","eawpew","Eastern Wood-Pewee","Contopus virens",2.82,2.94,0,2.9,"prebreeding_migration","04-26",7.618,"16 of 37","Forests:  Temperate Eastern",NA
"Georgia","eucdov","Eurasian Collared-Dove","Streptopelia decaocto",0.01,0.01,0.01,0.01,"resident","year round resident",NA,"25 of 25","Open Country:  Developed/Disturbed",NA
"Georgia","eursta","European Starling","Sturnus vulgaris",0.09,0.06,0.14,0.08,"nonbreeding","12-27",0.4837,"34 of 48","Open Country:  Developed/Disturbed",NA
"Georgia","evegro","Evening Grosbeak","Coccothraustes vespertinus",0,0,0.01,0,"nonbreeding","01-04",0.06235,NA,"Forests:  Boreal","Forests:  Temperate Western"
"Georgia","fiespa","Field Sparrow","Spizella pusilla",2.72,2.85,5.88,3.65,"prebreeding_migration","03-08",6.955,"14 of 39","Open Country:  Habitat Mosaic","Forests:  Temperate Eastern"
"Georgia","fiscro","Fish Crow","Corvus ossifragus",9.63,0,4.92,0,"unidentified","10-04",13.33,"2 of 30","Open Country:  Habitat Mosaic","Wetlands:  Generalist"
"Georgia","forter","Forster's Tern","Sterna forsteri",0.26,1.01,3.42,1.72,"nonbreeding","02-08",4.409,"26 of 36","Wetlands:  Freshwater Marsh",NA
"Georgia","foxspa","Fox Sparrow","Passerella iliaca",0,0.22,1.55,0.04,"nonbreeding","01-04",2.212,NA,"Forests:  Boreal","Forests:  Temperate Western"
"Georgia","gadwal","Gadwall","Mareca strepera",0,0.01,0.02,0,"postbreeding_migration","12-13",0.02917,NA,"Wetlands:  Seasonally Wet Grasslands","Wetlands:  Freshwater Marsh"
"Georgia","gloibi","Glossy Ibis","Plegadis falcinellus",0.02,0.01,0,0.01,"breeding","06-14",0.04259,"11 of 14","Coasts:  Saltmarsh","Wetlands:  Freshwater Marsh"
"Georgia","gnwtea","Green-winged Teal","Anas crecca",0,0,0.01,0,"postbreeding_migration","12-13",0.01001,NA,"Wetlands:  Generalist",NA
"Georgia","gockin","Golden-crowned Kinglet","Regulus satrapa",0,0.97,3.09,0.64,"nonbreeding","02-01",3.605,NA,"Forests:  Boreal","Forests:  Temperate Western"
"Georgia","gowwar","Golden-winged Warbler","Vermivora chrysoptera",0,0.53,0,0.01,"postbreeding_migration","09-27",4.526,NA,"Forests:  Temperate Eastern",NA
"Georgia","graspa","Grasshopper Sparrow","Ammodramus savannarum",0.04,0.03,0.12,0.09,"nonbreeding","12-06",0.6006,"37 of 40","Grasslands:  Temperate",NA
"Georgia","grbher3","Great Blue Heron","Ardea herodias",1.95,1.63,2.55,2.55,"prebreeding_migration","02-15",3.092,"15 of 49","Wetlands:  Generalist","Coasts:  Saltmarsh"
"Georgia","grcfly","Great Crested Flycatcher","Myiarchus crinitus",6.02,4.38,0,9.78,"prebreeding_migration","04-12",19.67,"2 of 39","Forests:  Temperate Eastern",NA
"Georgia","greegr","Great Egret","Ardea alba",0.4,0.32,0.25,0.33,"breeding","06-07",0.5013,"10 of 38","Wetlands:  Generalist","Coasts:  Saltmarsh"
"Georgia","gresca","Greater Scaup","Aythya marila",0,0,0.01,0,"nonbreeding","01-11",0.01058,NA,"Wetlands:  Tundra",NA
"Georgia","greyel","Greater Yellowlegs","Tringa melanoleuca",0,0.14,0.36,0.29,"postbreeding_migration","11-08",1.062,NA,"Wetlands:  Boreal",NA
"Georgia","grhowl","Great Horned Owl","Bubo virginianus",0.34,0.34,0.34,0.34,"resident","year round resident",NA,"28 of 49","Open Country:  Habitat Mosaic",NA
"Georgia","grnher","Green Heron","Butorides virescens",2.54,0.8,0,1.91,"breeding","06-28",3.442,"7 of 42","Wetlands:  Freshwater Marsh",NA
"Georgia","grycat","Gray Catbird","Dumetella carolinensis",0.62,2.21,3.19,1.73,"postbreeding_migration","10-11",8.323,"28 of 46","Forests:  Temperate Eastern","Forests:  Temperate Western"
"Georgia","gubter1","Gull-billed/Australian Tern","Gelochelidon nilotica/macrotarsa",0.06,0.01,0,0.04,"breeding","07-19",0.1238,"9 of 11","Coasts:  Beach and Estuary","Coasts:  Beach and Estuary"
"Georgia","gycthr","Gray-cheeked Thrush","Catharus minimus",0,2.11,0,0.01,"postbreeding_migration","10-04",8.843,NA,"Forests:  Boreal",NA
"Georgia","haiwoo","Hairy Woodpecker","Dryobates villosus",0.55,0.55,0.55,0.55,"resident","year round resident",NA,"36 of 49","Forests:  Generalist",NA
"Georgia","henspa","Henslow's Sparrow","Centronyx henslowii",0,0,40.55,0.77,"nonbreeding","01-11",81.12,NA,"Grasslands:  Temperate",NA
"Georgia","hergul","Herring Gull","Larus argentatus",0,0,0.04,0,"nonbreeding","01-18",0.08174,NA,"Coasts:  Beach and Estuary","Wetlands:  Lakes and Rivers"
"Georgia","herthr","Hermit Thrush","Catharus guttatus",0,1.99,5.09,0.56,"prebreeding_migration","03-15",6.973,NA,"Forests:  Temperate Generalist",NA
"Georgia","hoomer","Hooded Merganser","Lophodytes cucullatus",0,0.35,3.24,0.66,"prebreeding_migration","02-01",3.494,NA,"Wetlands:  Forested","Wetlands:  Lakes and Rivers"
"Georgia","hoowar","Hooded Warbler","Setophaga citrina",4.46,5.97,0,6.21,"postbreeding_migration","10-11",9.286,"12 of 27","Forests:  Temperate Eastern",NA
"Georgia","horgre","Horned Grebe","Podiceps auritus",0,0.21,0.89,0.1,"nonbreeding","02-08",1.255,NA,"Wetlands:  Freshwater Marsh",NA
"Georgia","horlar","Horned Lark","Eremophila alpestris",0.01,0,0.01,0.01,"prebreeding_migration","05-31",0.04976,"37 of 37","Grasslands:  Temperate","Tundra:  Arctic"
"Georgia","houfin","House Finch","Haemorhous mexicanus",0.78,0.78,0.78,0.78,"resident","year round resident",NA,"10 of 49","Open Country:  Habitat Mosaic","Aridlands:  Desert Scrub"
"Georgia","houwre","House Wren","Troglodytes aedon",0.01,0.33,0.37,0.11,"postbreeding_migration","10-25",0.688,"42 of 42","Forests:  Generalist","Open Country:  Developed/Disturbed"
"Georgia","indbun","Indigo Bunting","Passerina cyanea",2.98,2.94,0,3.19,"prebreeding_migration","04-26",4.684,"13 of 40","Forests:  Temperate Eastern",NA
"Georgia","kenwar","Kentucky Warbler","Geothlypis formosa",4.02,0.93,0,4.74,"prebreeding_migration","04-19",8.726,"9 of 26","Forests:  Temperate Eastern",NA
"Georgia","killde","Killdeer","Charadrius vociferus",0.63,1.55,5.07,1.95,"postbreeding_migration","12-13",5.777,"33 of 48","Open Country:  Habitat Mosaic","Wetlands:  Generalist"
"Georgia","kinrai4","King Rail","Rallus elegans",0.25,0.12,0.37,0.34,"nonbreeding","03-29",0.6256,"8 of 17","Wetlands:  Freshwater Marsh",NA
"Georgia","laugul","Laughing Gull","Leucophaeus atricilla",0.94,1.58,0.62,0.52,"postbreeding_migration","10-11",2.095,"12 of 19","Coasts:  Beach and Estuary","Coasts:  Marine Waters"
"Georgia","lbbgul","Lesser Black-backed Gull","Larus fuscus",0,0.01,0,0,"postbreeding_migration","10-11",0.02917,NA,"Coasts:  Beach and Estuary","Coasts:  Marine Waters"
"Georgia","leabit","Least Bittern","Ixobrychus exilis",0.32,0.05,0,0.27,"breeding","06-07",0.4408,"15 of 35","Wetlands:  Freshwater Marsh",NA
"Georgia","leasan","Least Sandpiper","Calidris minutilla",0,0.95,0.65,0.56,"postbreeding_migration","09-20",2.728,NA,"Wetlands:  Tundra",NA
"Georgia","leater1","Least Tern","Sternula antillarum",1,0.89,0,0.9,"postbreeding_migration","08-16",1.575,"13 of 31","Coasts:  Beach and Estuary","Wetlands:  Lakes and Rivers"
"Georgia","lessca","Lesser Scaup","Aythya affinis",0,0.06,0.73,0.09,"nonbreeding","01-18",1.196,NA,"Wetlands:  Lakes and Rivers","Wetlands:  Freshwater Marsh"
"Georgia","lesyel","Lesser Yellowlegs","Tringa flavipes",0,0.09,0.02,0.11,"postbreeding_migration","09-20",0.6017,NA,"Wetlands:  Boreal",NA
"Georgia","libher","Little Blue Heron","Egretta caerulea",3.33,3,0.47,1.77,"postbreeding_migration","07-26",5.114,"6 of 19","Wetlands:  Generalist","Coasts:  Saltmarsh"
"Georgia","lobcur","Long-billed Curlew","Numenius americanus",0,0.01,0.02,0,"nonbreeding","01-18",0.03558,NA,"Grasslands:  Temperate",NA
"Georgia","lobdow","Long-billed Dowitcher","Limnodromus scolopaceus",0,0,0.03,0,"nonbreeding","01-04",0.04535,NA,"Wetlands:  Tundra",NA
"Georgia","logshr","Loggerhead Shrike","Lanius ludovicianus",1.13,1.07,1.3,1.1,"breeding","06-07",1.561,"15 of 31","Grasslands:  Temperate","Aridlands:  Desert Scrub"
"Georgia","louwat","Louisiana Waterthrush","Parkesia motacilla",5.31,1.94,0,6.04,"prebreeding_migration","03-22",14.41,"8 of 34","Wetlands:  Lakes and Rivers","Forests:  Temperate Eastern"
"Georgia","magwar","Magnolia Warbler","Setophaga magnolia",0,1.42,0,0.04,"postbreeding_migration","10-11",6.951,NA,"Forests:  Boreal","Forests:  Temperate Eastern"
"Georgia","mallar3","Mallard","Anas platyrhynchos",0.03,0.01,0.01,0.01,"breeding","07-05",0.06198,"41 of 48","Wetlands:  Generalist",NA
"Georgia","margod","Marbled Godwit","Limosa fedoa",0.03,0.16,0.3,0.1,"nonbreeding","02-22",0.7109,"11 of 15","Wetlands:  Seasonally Wet Grasslands","Wetlands:  Tundra"
"Georgia","marwre","Marsh Wren","Cistothorus palustris",0.28,0.28,0.62,0.57,"prebreeding_migration","04-12",0.9608,"22 of 38","Wetlands:  Freshwater Marsh",NA
"Georgia","merlin","Merlin","Falco columbarius",0,0.02,0.07,0.01,"nonbreeding","12-06",0.181,NA,"Forests:  Boreal","Open Country:  Habitat Mosaic"
"Georgia","miskit","Mississippi Kite","Ictinia mississippiensis",7.35,0.23,0,0.89,"breeding","08-02",9.761,"5 of 20","Forests:  Temperate Eastern",NA
"Georgia","motduc","Mottled Duck","Anas fulvigula",0.07,0.07,0.07,0.07,"resident","year round resident",NA,"7 of 8","Wetlands:  Freshwater Marsh",NA
"Georgia","moudov","Mourning Dove","Zenaida macroura",1.45,1.48,2,1.55,"nonbreeding","02-01",2.314,"16 of 48","Open Country:  Habitat Mosaic","Open Country:  Developed/Disturbed"
"Georgia","norbob","Northern Bobwhite","Colinus virginianus",3.83,3.83,3.83,3.83,"resident","year round resident",NA,"7 of 24","Open Country:  Habitat Mosaic","Forests:  Tropical Dry"
"Georgia","norcar","Northern Cardinal","Cardinalis cardinalis",4.91,4.91,4.91,4.91,"resident","year round resident",NA,"4 of 40","Open Country:  Habitat Mosaic","Aridlands:  Desert Scrub"
"Georgia","norfli","Northern Flicker","Colaptes auratus",0.35,1.22,2.29,0.81,"nonbreeding","01-18",2.473,"33 of 49","Forests:  Generalist",NA
"Georgia","norhar2","Northern Harrier","Circus hudsonius",0,0.27,0.71,0.16,"nonbreeding","12-20",0.8255,NA,"Grasslands:  Temperate","Wetlands:  Freshwater Marsh"
"Georgia","normoc","Northern Mockingbird","Mimus polyglottos",3.11,3.99,3.41,3.48,"postbreeding_migration","09-27",4.791,"5 of 40","Open Country:  Habitat Mosaic",NA
"Georgia","norpar","Northern Parula","Setophaga americana",3.72,4.58,0,7.93,"prebreeding_migration","03-22",16.19,"5 of 30","Forests:  Temperate Eastern","Forests:  Boreal"
"Georgia","norsho","Northern Shoveler","Spatula clypeata",0,0,0.01,0,"nonbreeding","12-27",0.01199,NA,"Wetlands:  Seasonally Wet Grasslands","Wetlands:  Freshwater Marsh"
"Georgia","norwat","Northern Waterthrush","Parkesia noveboracensis",0,0.29,0,0.08,"prebreeding_migration","04-26",3.977,NA,"Forests:  Boreal","Forests:  Temperate Eastern"
"Georgia","nrwswa","Northern Rough-winged Swallow","Stelgidopteryx serripennis",3.24,3.11,0,1.39,"postbreeding_migration","08-23",5.516,"3 of 48","Open Country Aerial:  Habitat Mosaic","Wetlands Aerial:  Lakes and Rivers"
"Georgia","nstspa","Nelson's Sparrow","Ammospiza nelsoni",0,0.09,8.12,0.02,"nonbreeding","01-11",20.85,NA,"Wetlands:  Seasonally Wet Grasslands","Coasts:  Saltmarsh"
"Georgia","orcori","Orchard Oriole","Icterus spurius",2.46,0.58,0,2.8,"prebreeding_migration","04-19",5.088,"14 of 38","Forests:  Temperate Eastern",NA
"Georgia","orcwar","Orange-crowned Warbler","Leiothlypis celata",0,0.09,1.01,0.07,"nonbreeding","12-06",1.273,NA,"Forests:  Temperate Western","Forests:  Boreal"
"Georgia","osprey","Osprey","Pandion haliaetus",0.95,0.41,0.14,0.85,"prebreeding_migration","03-29",1.53,"16 of 46","Wetlands:  Lakes and Rivers","Coasts:  Saltmarsh"
"Georgia","ovenbi1","Ovenbird","Seiurus aurocapilla",0.16,0.35,0,0.69,"prebreeding_migration","04-12",5.974,"25 of 34","Forests:  Temperate Eastern","Forests:  Boreal"
"Georgia","paibun","Painted Bunting","Passerina ciris",0.75,0.66,0.01,0.67,"postbreeding_migration","09-27",2.787,"7 of 13","Forests:  Temperate Eastern","Forests:  Tropical Dry"
"Georgia","palwar","Palm Warbler","Setophaga palmarum",0,4.88,8.33,4.75,"prebreeding_migration","04-12",19.91,NA,"Wetlands:  Boreal",NA
"Georgia","parjae","Parasitic Jaeger","Stercorarius parasiticus",0,0,0.19,0,"nonbreeding","02-22",0.9355,NA,"Wetlands:  Tundra","Tundra:  Arctic"
"Georgia","pecsan","Pectoral Sandpiper","Calidris melanotos",0,0.58,0,0.01,"postbreeding_migration","09-06",1.495,NA,"Wetlands:  Tundra",NA
"Georgia","perfal","Peregrine Falcon","Falco peregrinus",0,0.01,0.01,0,"postbreeding_migration","10-11",0.1441,NA,"Open Country:  Habitat Mosaic","Open Country:  Developed/Disturbed"
"Georgia","phivir","Philadelphia Vireo","Vireo philadelphicus",0,0.15,0,0,"postbreeding_migration","10-04",2.11,NA,"Forests:  Boreal",NA
"Georgia","pibgre","Pied-billed Grebe","Podilymbus podiceps",0.15,1.08,2.87,1.18,"postbreeding_migration","12-06",3.68,"22 of 37","Wetlands:  Freshwater Marsh",NA
"Georgia","pilwoo","Pileated Woodpecker","Dryocopus pileatus",4.83,4.83,4.83,4.83,"resident","year round resident",NA,"1 of 40","Forests:  Temperate Generalist",NA
"Georgia","pinsis","Pine Siskin","Spinus pinus",0,0.03,0.11,0.01,"nonbreeding","01-04",0.3689,NA,"Forests:  Boreal","Forests:  Temperate Western"
"Georgia","pinwar","Pine Warbler","Setophaga pinus",8.79,12.47,14.55,13.38,"prebreeding_migration","02-08",16.78,"1 of 32","Forests:  Temperate Eastern",NA
"Georgia","pipplo","Piping Plover","Charadrius melodus",0,2.8,4.05,2.41,"nonbreeding","01-11",10.18,NA,"Coasts:  Beach and Estuary","Wetlands:  Lakes and Rivers"
"Georgia","prawar","Prairie Warbler","Setophaga discolor",6.91,3.89,0,8.57,"prebreeding_migration","04-05",15.96,"8 of 29","Forests:  Temperate Eastern",NA
"Georgia","prowar","Prothonotary Warbler","Protonotaria citrea",3.39,1.06,0,3.75,"prebreeding_migration","04-05",4.734,"9 of 27","Wetlands:  Forested","Forests:  Temperate Eastern"
"Georgia","purfin","Purple Finch","Haemorhous purpureus",0,0.72,1.56,0.07,"postbreeding_migration","12-20",4.487,NA,"Forests:  Boreal","Forests:  Temperate Western"
"Georgia","purgal2","Purple Gallinule","Porphyrio martinica",0.04,0.01,0,0.01,"breeding","08-23",0.06637,"7 of 9","Wetlands:  Freshwater Marsh",NA
"Georgia","purmar","Purple Martin","Progne subis",4.68,0.24,0,0.16,"prebreeding_migration","02-22",13.65,"4 of 40","Open Country Aerial:  Habitat Mosaic","Wetlands Aerial:  Lakes and Rivers"
"Georgia","rebmer","Red-breasted Merganser","Mergus serrator",0,0.02,0.65,0.11,"nonbreeding","01-04",1.408,NA,"Wetlands:  Tundra","Wetlands:  Boreal"
"Georgia","rebnut","Red-breasted Nuthatch","Sitta canadensis",0.01,0.01,0.03,0.01,"nonbreeding","01-04",0.06022,"30 of 30","Forests:  Boreal","Forests:  Temperate Western"
"Georgia","rebwoo","Red-bellied Woodpecker","Melanerpes carolinus",5.94,5.94,5.94,5.94,"resident","year round resident",NA,"4 of 38","Forests:  Temperate Eastern",NA
"Georgia","recwoo","Red-cockaded Woodpecker","Dryobates borealis",13.41,13.41,13.41,13.41,"resident","year round resident",NA,"3 of 11","Forests:  Temperate Eastern",NA
"Georgia","redcro","Red Crossbill","Loxia curvirostra",0,0,0.01,0,"nonbreeding","01-18",0.03852,NA,"Forests:  Temperate Generalist",NA
"Georgia","redegr","Reddish Egret","Egretta rufescens",0.02,0.02,0.02,0.02,"resident","year round resident",NA,"7 of 8","Coasts:  Mangroves","Coasts:  Beach and Estuary"
"Georgia","redhea","Redhead","Aythya americana",0,0.01,0.03,0.05,"prebreeding_migration","02-22",0.2977,NA,"Wetlands:  Seasonally Wet Grasslands","Wetlands:  Freshwater Marsh"
"Georgia","redkno","Red Knot","Calidris canutus",0.34,0.37,0.56,1.07,"prebreeding_migration","05-03",1.935,"4 of 8","Tundra:  Arctic",NA
"Georgia","reevir1","Red-eyed Vireo","Vireo olivaceus",0.77,1.5,0,2.69,"prebreeding_migration","04-12",8.338,"22 of 42","Forests:  Temperate Generalist",NA
"Georgia","rehwoo","Red-headed Woodpecker","Melanerpes erythrocephalus",5.38,6.53,11.6,6.9,"nonbreeding","04-12",14.12,"5 of 35","Forests:  Temperate Eastern",NA
"Georgia","reshaw","Red-shouldered Hawk","Buteo lineatus",7.89,7.51,7.87,7.89,"prebreeding_migration","02-22",8.62,"3 of 38","Forests:  Temperate Eastern","Forests:  Temperate Western"
"Georgia","rethaw","Red-tailed Hawk","Buteo jamaicensis",0.93,0.83,1.11,0.86,"nonbreeding","02-08",1.241,"25 of 49","Open Country:  Habitat Mosaic",NA
"Georgia","retloo","Red-throated Loon","Gavia stellata",0,0,0.26,0,"nonbreeding","01-18",0.4809,NA,"Wetlands:  Tundra","Wetlands:  Boreal"
"Georgia","rewbla","Red-winged Blackbird","Agelaius phoeniceus",0.46,1.05,4.09,2.01,"nonbreeding","01-11",5.723,"33 of 48","Open Country:  Habitat Mosaic","Wetlands:  Freshwater Marsh"
"Georgia","ribgul","Ring-billed Gull","Larus delawarensis",0,0.3,1.55,0.3,"nonbreeding","01-25",1.671,NA,"Wetlands:  Generalist",NA
"Georgia","rinduc","Ring-necked Duck","Aythya collaris",0,0.42,0.86,0.13,"postbreeding_migration","12-06",1.643,NA,"Wetlands:  Boreal",NA
"Georgia","robgro","Rose-breasted Grosbeak","Pheucticus ludovicianus",0,1.5,0,0.51,"postbreeding_migration","10-11",8.476,NA,"Forests:  Temperate Eastern",NA
"Georgia","rocpig","Rock Pigeon","Columba livia",0.01,0.01,0.01,0.01,"resident","year round resident",NA,"40 of 40","Open Country:  Developed/Disturbed",NA
"Georgia","rosspo1","Roseate Spoonbill","Platalea ajaja",0.06,0.25,0,0,"postbreeding_migration","06-07",0.4457,"4 of 6","Coasts:  Mangroves","Wetlands:  Freshwater Marsh"
"Georgia","royter1","Royal Tern","Thalasseus maximus",3.2,4.99,0.72,2.84,"postbreeding_migration","08-23",8.797,"5 of 13","Coasts:  Beach and Estuary","Coasts:  Marine Waters"
"Georgia","rthhum","Ruby-throated Hummingbird","Archilochus colubris",4.69,3.69,0,4.28,"prebreeding_migration","04-12",11.73,"5 of 37","Forests:  Temperate Eastern",NA
"Georgia","ruckin","Ruby-crowned Kinglet","Corthylio calendula",0,1.94,5.4,1.21,"prebreeding_migration","03-15",5.843,NA,"Forests:  Boreal","Forests:  Temperate Western"
"Georgia","rudduc","Ruddy Duck","Oxyura jamaicensis",0,0.08,0.24,0.06,"nonbreeding","01-04",0.3013,NA,"Wetlands:  Seasonally Wet Grasslands","Wetlands:  Freshwater Marsh"
"Georgia","rudtur","Ruddy Turnstone","Arenaria interpres",0.21,0.53,0.98,1.35,"prebreeding_migration","05-10",2.796,"9 of 19","Coasts:  Tundra","Wetlands:  Tundra"
"Georgia","rusbla","Rusty Blackbird","Euphagus carolinus",0,0.15,1.13,0.11,"postbreeding_migration","12-06",2.894,NA,"Wetlands:  Boreal",NA
"Georgia","sancra","Sandhill Crane","Antigone canadensis",0,0.1,1.28,0.25,"prebreeding_migration","02-15",3.758,NA,"Wetlands:  Generalist",NA
"Georgia","sander","Sanderling","Calidris alba",0.14,1.05,1.06,1.19,"prebreeding_migration","05-10",3.102,"10 of 17","Tundra:  Arctic","Wetlands:  Tundra"
"Georgia","santer1","Sandwich Tern","Thalasseus sandvicensis",0.39,0.45,0.01,0.02,"postbreeding_migration","09-27",1.169,"8 of 9","Coasts:  Beach and Estuary","Coasts:  Marine Waters"
"Georgia","savspa","Savannah Sparrow","Passerculus sandwichensis",0,0.39,2.7,0.63,"nonbreeding","12-13",3.063,NA,"Grasslands:  Temperate","Tundra:  Arctic"
"Georgia","saypho","Say's Phoebe","Sayornis saya",0,0,0.01,0,"prebreeding_migration","02-15",0.01862,NA,"Aridlands:  Desert Scrub","Forests:  Temperate Western"
"Georgia","scatan","Scarlet Tanager","Piranga olivacea",1.71,3.83,0,2.8,"postbreeding_migration","10-11",12.01,"17 of 34","Forests:  Temperate Eastern",NA
"Georgia","seaspa","Seaside Sparrow","Ammospiza maritima",0.3,3.7,15.75,1.55,"nonbreeding","01-11",46.26,"12 of 16","Coasts:  Saltmarsh",NA
"Georgia","sedwre1","Sedge Wren","Cistothorus stellaris",0,0.18,3.27,0.02,"nonbreeding","01-11",6.031,NA,"Grasslands:  Temperate","Wetlands:  Seasonally Wet Grasslands"
"Georgia","semplo","Semipalmated Plover","Charadrius semipalmatus",0.13,1.1,10.51,1.37,"nonbreeding","01-11",22.79,"5 of 11","Coasts:  Beach and Estuary","Tundra:  Arctic"
"Georgia","semsan","Semipalmated Sandpiper","Calidris pusilla",0,0.02,0,0.37,"prebreeding_migration","05-10",2.167,NA,"Wetlands:  Tundra",NA
"Georgia","shbdow","Short-billed Dowitcher","Limnodromus griseus",1.18,2.35,4.65,4.08,"nonbreeding","01-04",10.8,"4 of 20","Wetlands:  Boreal",NA
"Georgia","shshaw","Sharp-shinned Hawk","Accipiter striatus",0,0.19,0.9,0.16,"nonbreeding","02-22",1.431,NA,"Forests:  Temperate Generalist",NA
"Georgia","snoegr","Snowy Egret","Egretta thula",0.28,0.36,0.16,0.18,"postbreeding_migration","09-06",0.5189,"8 of 32","Wetlands:  Generalist","Coasts:  Saltmarsh"
"Georgia","solsan","Solitary Sandpiper","Tringa solitaria",0,0.11,0,0.19,"prebreeding_migration","04-26",2.91,NA,"Wetlands:  Boreal",NA
"Georgia","sonspa","Song Sparrow","Melospiza melodia",0.15,1.46,3.61,0.77,"postbreeding_migration","11-15",4.067,"37 of 43","Open Country:  Habitat Mosaic",NA
"Georgia","sora","Sora","Porzana carolina",0,0.01,0.12,0.01,"nonbreeding","01-18",0.2502,NA,"Wetlands:  Freshwater Marsh",NA
"Georgia","sposan","Spotted Sandpiper","Actitis macularius",0,0.07,0.04,0.18,"prebreeding_migration","05-03",1.111,NA,"Wetlands:  Generalist",NA
"Georgia","sstspa","Saltmarsh Sparrow","Ammospiza caudacuta",0,4.15,41.84,6.46,"nonbreeding","03-15",74.81,NA,"Coasts:  Saltmarsh",NA
"Georgia","stisan","Stilt Sandpiper","Calidris himantopus",0,0.02,0,0.01,"postbreeding_migration","09-27",0.2248,NA,"Wetlands:  Tundra","Tundra:  Arctic"
"Georgia","sumtan","Summer Tanager","Piranga rubra",5.46,3.35,0,4.72,"prebreeding_migration","04-19",6.713,"6 of 30","Forests:  Temperate Eastern",NA
"Georgia","swaspa","Swamp Sparrow","Melospiza georgiana",0,2.61,5.76,1.29,"prebreeding_migration","03-08",6.856,NA,"Wetlands:  Boreal","Wetlands:  Freshwater Marsh"
"Georgia","swathr","Swainson's Thrush","Catharus ustulatus",0,1.07,0,0.04,"postbreeding_migration","10-04",4.69,NA,"Forests:  Boreal","Forests:  Temperate Western"
"Georgia","swawar","Swainson's Warbler","Limnothlypis swainsonii",7.1,6.7,0,9.81,"postbreeding_migration","08-16",19.5,"6 of 16","Forests:  Temperate Eastern",NA
"Georgia","swtkit","Swallow-tailed Kite","Elanoides forficatus",0.68,0.8,0,0.1,"postbreeding_migration","08-02",4.07,"2 of 8","Forests:  Temperate Eastern","Forests:  Tropical Montane Evergreen"
"Georgia","tenwar","Tennessee Warbler","Leiothlypis peregrina",0,0.7,0,0.02,"postbreeding_migration","10-11",5.469,NA,"Forests:  Boreal",NA
"Georgia","treswa","Tree Swallow","Tachycineta bicolor",0.04,0.28,5.06,1.59,"nonbreeding","01-04",5.923,"42 of 47","Wetlands Aerial:  Generalist",NA
"Georgia","triher","Tricolored Heron","Egretta tricolor",0.72,1.19,1.22,1.12,"postbreeding_migration","07-19",1.895,"5 of 11","Wetlands:  Generalist","Coasts:  Saltmarsh"
"Georgia","tuftit","Tufted Titmouse","Baeolophus bicolor",7.6,7.6,7.6,7.6,"resident","year round resident",NA,"2 of 35","Forests:  Temperate Eastern",NA
"Georgia","turvul","Turkey Vulture","Cathartes aura",0.76,0.98,2.04,1.15,"nonbreeding","01-04",2.198,"15 of 48","Open Country:  Habitat Mosaic",NA
"Georgia","veery","Veery","Catharus fuscescens",0.01,3.06,0,0.15,"postbreeding_migration","09-27",18.88,"29 of 29","Forests:  Temperate Eastern","Forests:  Temperate Western"
"Georgia","verfly","Vermilion Flycatcher","Pyrocephalus rubinus",0,0,0.01,0,"nonbreeding","11-22",0.02253,NA,"Open Country:  Habitat Mosaic",NA
"Georgia","vesspa","Vesper Sparrow","Pooecetes gramineus",0,0.17,0.73,0.2,"postbreeding_migration","12-06",1.083,NA,"Grasslands:  Temperate",NA
"Georgia","virrai","Virginia Rail","Rallus limicola",0,0.06,0.26,0.01,"nonbreeding","01-11",0.4206,NA,"Wetlands:  Freshwater Marsh",NA
"Georgia","wessan","Western Sandpiper","Calidris mauri",0,0.2,0.36,0.08,"nonbreeding","01-18",0.7564,NA,"Wetlands:  Tundra",NA
"Georgia","whbnut","White-breasted Nuthatch","Sitta carolinensis",1.47,1.47,1.47,1.47,"resident","year round resident",NA,"23 of 48","Forests:  Temperate Eastern","Forests:  Temperate Western"
"Georgia","whcspa","White-crowned Sparrow","Zonotrichia leucophrys",0,0.01,0.02,0,"postbreeding_migration","11-15",0.04496,NA,"Tundra:  Arctic","Forests:  Boreal"
"Georgia","whevir","White-eyed Vireo","Vireo griseus",6.63,8.29,3.54,8.01,"postbreeding_migration","10-04",10.87,"7 of 26","Forests:  Temperate Eastern","Forests:  Tropical Dry"
"Georgia","whiibi","White Ibis","Eudocimus albus",4.06,3.52,1.21,3.92,"unidentified","07-05",6.239,"4 of 12","Wetlands:  Generalist","Coasts:  Mangroves"
"Georgia","whimbr","Whimbrel","Numenius phaeopus",0.01,0.03,0,0.87,"prebreeding_migration","05-10",3.9,"9 of 9","Tundra:  Arctic","Wetlands:  Boreal"
"Georgia","whrsan","White-rumped Sandpiper","Calidris fuscicollis",0,0,0,0.01,"prebreeding_migration","05-10",0.03354,NA,"Wetlands:  Tundra",NA
"Georgia","whtspa","White-throated Sparrow","Zonotrichia albicollis",0,0.95,2.62,0.47,"postbreeding_migration","12-06",3.098,NA,"Forests:  Boreal",NA
"Georgia","willet1","Willet","Tringa semipalmata",0.33,1.03,1.03,1.07,"postbreeding_migration","08-16",1.789,"20 of 30","Wetlands:  Seasonally Wet Grasslands","Coasts:  Saltmarsh"
"Georgia","wilplo","Wilson's Plover","Anarhynchus wilsonia",1.97,1.3,0.68,1.16,"postbreeding_migration","08-02",2.676,"6 of 8","Coasts:  Beach and Estuary",NA
"Georgia","wilsni1","Wilson's Snipe","Gallinago delicata",0,0.52,3.02,0.21,"prebreeding_migration","02-15",5.012,NA,"Wetlands:  Generalist",NA
"Georgia","wiltur","Wild Turkey","Meleagris gallopavo",0.86,0.86,0.86,0.86,"resident","year round resident",NA,"31 of 49","Forests:  Temperate Generalist",NA
"Georgia","winwre3","Winter Wren","Troglodytes hiemalis",0,2.13,5.59,0.32,"nonbreeding","01-11",6.386,NA,"Forests:  Boreal","Forests:  Temperate Eastern"
"Georgia","woewar1","Worm-eating Warbler","Helmitheros vermivorum",2.02,2.49,0,3.4,"prebreeding_migration","04-12",7.431,"15 of 26","Forests:  Temperate Eastern",NA
"Georgia","wooduc","Wood Duck","Aix sponsa",2.62,3.64,10.66,4.83,"postbreeding_migration","11-29",14.45,"14 of 48","Wetlands:  Forested","Forests:  Temperate Eastern"
"Georgia","woosto","Wood Stork","Mycteria americana",0.54,0.47,0.22,0.9,"prebreeding_migration","05-31",1.182,"5 of 10","Wetlands:  Forested","Wetlands:  Freshwater Marsh"
"Georgia","woothr","Wood Thrush","Hylocichla mustelina",3,4.96,0,4.03,"postbreeding_migration","10-11",12.56,"13 of 36","Forests:  Temperate Eastern",NA
"Georgia","y00475","American Coot","Fulica americana",0,0.36,0.51,0.24,"prebreeding_migration","02-15",0.8652,NA,"Wetlands:  Freshwater Marsh",NA
"Georgia","ycnher","Yellow-crowned Night Heron","Nyctanassa violacea",0.17,0.36,0.02,0.07,"postbreeding_migration","07-05",0.6854,"13 of 22","Wetlands:  Generalist","Coasts:  Mangroves"
"Georgia","yebcha","Yellow-breasted Chat","Icteria virens",2.52,0.58,0,3.5,"prebreeding_migration","04-26",4.82,"11 of 38","Forests:  Temperate Eastern","Forests:  Temperate Western"
"Georgia","yebcuc","Yellow-billed Cuckoo","Coccyzus americanus",3.13,4.54,0,3.7,"postbreeding_migration","10-11",11.25,"12 of 40","Forests:  Temperate Eastern",NA
"Georgia","yebsap","Yellow-bellied Sapsucker","Sphyrapicus varius",0,3.42,8,0.73,"postbreeding_migration","10-25",8.939,NA,"Forests:  Boreal","Forests:  Temperate Eastern"
"Georgia","yelwar","Yellow Warbler","Setophaga petechia",0,0.03,0,0.01,"prebreeding_migration","04-26",0.2514,NA,"Forests:  Temperate Generalist","Wetlands:  Generalist"
"Georgia","yerwar","Yellow-rumped Warbler","Setophaga coronata",0,0.95,5.15,1.32,"prebreeding_migration","03-08",7.536,NA,"Forests:  Boreal","Forests:  Temperate Western"
"Georgia","yetvir","Yellow-throated Vireo","Vireo flavifrons",5.33,5.55,0,6.89,"prebreeding_migration","04-05",10.76,"8 of 37","Forests:  Temperate Eastern",NA
"Georgia","yetwar","Yellow-throated Warbler","Setophaga dominica",9.44,5.29,0.18,11.24,"prebreeding_migration","03-08",21.9,"1 of 24","Forests:  Temperate Eastern",NA
